Workbook
Name DQ.ADP_0_11_Months: DQs!$B$7:$E$25
Name DQ.ADP_24_71_Months: DQs!$F$7:$I$43
Name DQ.COG_0_23_Months: DQs!$AL$7:$AO$43
Name DQ.COG_24_71_Months: DQs!$AP$8:$AS$62
Name DQ.COM_0_23_Months: DQs!$T$7:$W$43
Name DQ.COM_24_71_Months: DQs!$X$7:$AA$43
Name DQ.MOT_0_23_Months: DQs!$AC$7:$AF$43
Name DQ.MOT_24_71_Months: DQs!$AG$8:$AJ$62
Name DQ.PS_0_23_Months: DQs!$K$7:$N$43
Name DQ.PS_24_71_Months: DQs!$O$7:$R$61

Sheet Summary
B1: Summary Profile
B3: Domain and Subdomain | C3: Age Equivalent (See Appendix A) | D3: Subdomain Raw Score Total | E3: Subdomain Percentile Rank | F3: Subdomain Scaled Score | H3: Sums of Subdomains and Scaled Scores
B4: Adaptive (ADP) | K4: Year | L4: Month | M4: Day
B5: Self-Care (SC) | C5: =IF(D5>0,LOOKUP(D5,'Age Equivalent'!B4:B66,'Age Equivalent'!C4:C66),"") -> 13 | D5: =SUM(SC!D6:D15,SC!D17:D19,SC!D21:D26,SC!H6:H11,SC!H13:H18,SC!H20:H27) -> 25 | E5: =IF(D5>0,LOOKUP('Scaled Scores'!D5,'Scaled Scores'!E5:E1104,'Scaled Scores'!G5:G1104),"") -> <1 | F5: =IF(D5>0,LOOKUP('Scaled Scores'!D5,'Scaled Scores'!E5:E1104,'Scaled Scores'!F5:F1104),"") -> 1 | G5: =IFERROR(LOOKUP(F5,'Other Metrics'!E2:E112,'Other Metrics'!F2:F112),"") -> -3 | J5: Date of Testing (mm/dd/yyyy) | L5: 46250
B6: Personal Responsibility (PR) | C6: =IF(L8<24,"",IF(D6>6,LOOKUP(D6,'Age Equivalent'!E4:E52,'Age Equivalent'!F4:F52),"<2")) -> 42 | D6: =IF(L8<24,"n/a",SUM(PR!D6:D9,PR!D11:D15,PR!D17:D19,PR!D21:D25,PR!H5,PR!H8:H18)) -> 16 | E6: =IF(L8<24,"",IF(D6>0,LOOKUP('Scaled Scores'!H5,'Scaled Scores'!I5:I682,'Scaled Scores'!K5:K682),"")) -> 75 | F6: =IF(L8<24,"",IF(D6>0,LOOKUP('Scaled Scores'!H5,'Scaled Scores'!I5:I682,'Scaled Scores'!J5:J682),"")) -> 12 | G6: =IF(L8<24,"",LOOKUP(F6,'Other Metrics'!E2:E112,'Other Metrics'!G2:G112)) -> 57 | J6: Date of Birth (mm/dd/yyyy) | L6: 45154
B7: Total | C7: =IF(SUM(C5:C6)>0,SUM(C5:C6),"") -> 55 | D7: =IF(SUM(D5:D6)>0,SUM(D5:D6),"") -> 41 | H7: =IFERROR(IF(SUM(F5:F6)>0,SUM(F5:F6),""),"") -> 13 | J7: Chronological Age | K7: =INT(DATEDIF(L6,L5,"y")) -> 3 | L7: =MOD(INT(DATEDIF(L6,L5,"m")),12) -> 0 | M7: =MOD(DATEDIF(L6,L5,"d"),365) -> 1
B8: Personal Social (P-S) | J8: Age in Months | L8: =DATEDIF(L6,L5,"M") -> 36
B9: Adult Interaction (AI) | C9: =IF(D9>0,LOOKUP(D9,'Age Equivalent'!H4:H60,'Age Equivalent'!I4:I60),"") -> 7 | D9: =SUM(AI!D6:D9,AI!D11:D18,AI!D20:D22,AI!D24:D27,AI!H6:H11,AI!H13:H15,AI!H17:H25) -> 16 | E9: =IF(D9>0,LOOKUP('Scaled Scores'!L5,'Scaled Scores'!M5:M1086,'Scaled Scores'!O5:O1086),"") -> <1 | F9: =IF(D9>0,LOOKUP('Scaled Scores'!L5,'Scaled Scores'!M5:M1086,'Scaled Scores'!N5:N1086),"") -> 1 | G9: =IFERROR(LOOKUP(F9,'Other Metrics'!E2:E112,'Other Metrics'!F2:F112),"") -> -3
B10: Peer Interaction (PI) | C10: =IF(L8<24,"",LOOKUP(D10,'Age Equivalent'!K4:K54,'Age Equivalent'!L4:L54)) -> 0 | D10: =IF(L8<24,"n/a",SUM(PI!D6:D7,PI!D9:D11,PI!D13:D15,PI!D21,PI!H6:H21)) -> 6 | E10: =IF(L8<24,"",IF(D10>0,LOOKUP('Scaled Scores'!P5,'Scaled Scores'!Q5:Q669,'Scaled Scores'!S5:S669),"")) -> <1 | F10: =IF(L8<24,"",IF(D10>0,LOOKUP('Scaled Scores'!P5,'Scaled Scores'!Q5:Q669,'Scaled Scores'!R5:R669),"")) -> 2 | G10: =IF(L8<24,"",LOOKUP(F10,'Other Metrics'!$E$2:$E$112,'Other Metrics'!$F$2:$F$112)) -> -3.67
B11: Self-Concept and Social Role (SR) | C11: =IF(D11>0,LOOKUP(D11,'Age Equivalent'!N4:N92,'Age Equivalent'!O4:O92),"") | D11: =SUM(SR!D6:D7,SR!D9:D10,SR!D12:D13,SR!D15:D24,SR!D26:D31,SR!D33:D35,SR!H5:H6,SR!H8:H13,SR!H15:H18,SR!H20:H33) -> 0 | E11: =IF(D11>0,LOOKUP('Scaled Scores'!T5,'Scaled Scores'!U5:U1113,'Scaled Scores'!W5:W1113),"") | F11: =IF(D11>0,LOOKUP('Scaled Scores'!T5,'Scaled Scores'!U5:U1113,'Scaled Scores'!V5:V1113),"") | G11: =IFERROR(LOOKUP(F11,'Other Metrics'!$E$2:$E$112,'Other Metrics'!$F$2:$F$112),"") | J11: Conversion Table for Sum of Sealed Scores
B12: Total | C12: =IF(SUM(C9:C11)>0,SUM(C9:C11),"") -> 7 | D12: =IF(SUM(D9:D11)>0,SUM(D9:D11),"") -> 22 | H12: =IFERROR(IF(SUM(F9:F11)>0,SUM(F9:F11),""),"") -> 3 | K12: Sum of Sealed Score | L12: Develop- mental Quotient | M12: Percentile Rank
B13: Communication (COM) | N13: Confidence Interval
B14: Receptive Communication (RC) | C14: =IF(D14>0,LOOKUP(D14,'Age Equivalent'!Q4:Q56,'Age Equivalent'!R4:R56),"") -> 3 | D14: =SUM('RC'!D6:D11,'RC'!D13:D19,'RC'!D21:D24,'RC'!D26:D38,'RC'!H6:H17,'RC'!H19:H26) -> 10 | E14: =IF(D14>0,LOOKUP('Scaled Scores'!X5,'Scaled Scores'!Y5:Y1120,'Scaled Scores'!AA5:AA1120),"") -> <1 | F14: =IF(D14>0,LOOKUP('Scaled Scores'!X5,'Scaled Scores'!Y5:Y1120,'Scaled Scores'!Z5:Z1120),"") -> 1 | G14: =IFERROR(LOOKUP(F14,'Other Metrics'!$E$2:$E$112,'Other Metrics'!$F$2:$F$112),"") -> -3
B15: Expressive Communication (EC) | C15: =IF(D15>0,LOOKUP(D15,'Age Equivalent'!T4:T69,'Age Equivalent'!U4:U69),"") -> 9 | D15: =SUM(EC!D6:D9,EC!D11:D17,EC!D19:D25,EC!D27:D40,EC!H6:H14,EC!H16:H35) -> 14 | E15: =IF(D15>0,LOOKUP('Scaled Scores'!AB5,'Scaled Scores'!AC5:AC1110,'Scaled Scores'!AE5:AE1110),"") -> <1 | F15: =IF(D15>0,LOOKUP('Scaled Scores'!AB5,'Scaled Scores'!AC5:AC1110,'Scaled Scores'!AD5:AD1110),"") -> 1 | G15: =IFERROR(LOOKUP(F15,'Other Metrics'!$E$2:$E$112,'Other Metrics'!$F$2:$F$112),"") -> -3 | J15: Adaptive (ADP) | K15: =IF(H7>0,H7,"") -> 13 | L15: =IFERROR(VLOOKUP($K$15,INDIRECT(DQs!$C$1),2,0),"") -> 84 | M15: =IFERROR(VLOOKUP($K$15,INDIRECT(DQs!$C$1),4,0),"") -> 14 | N15: =IFERROR(VLOOKUP($K$15,INDIRECT(DQs!$C$1),3,0),"") -> 77-93
B16: Total | C16: =IF(SUM(C14:C15)>0,SUM(C14:C15),"") -> 12 | D16: =IF(SUM(D14:D15)>0,SUM(D14:D15),"") -> 24 | H16: =IFERROR(IF(SUM(F14:F15)>0,SUM(F14:F15),""),"") -> 2 | J16: =B8 -> Personal Social (P-S) | K16: =+IF(SUM(F9:F11)>0,SUM(F9:F11),"") -> 3 | L16: =IFERROR(VLOOKUP($K$16,INDIRECT(DQs!$L$1),2,0),"") -> 55 | M16: =IFERROR(VLOOKUP($K$16,INDIRECT(DQs!$L$1),4,0),"") -> 0.1 | N16: =IFERROR(VLOOKUP($K$16,INDIRECT(DQs!$L$1),3,0),"") -> 51-61
B17: Motor (MOT) | J17: =B13 -> Communication (COM) | K17: =IF(H16>0,H16,"") -> 2 | L17: =IFERROR(VLOOKUP($K$17,INDIRECT(DQs!$U$1),2,0),"") -> 55 | M17: =IFERROR(VLOOKUP($K$17,INDIRECT(DQs!$U$1),4,0),"") -> 0.1 | N17: =IFERROR(VLOOKUP($K$17,INDIRECT(DQs!$U$1),3,0),"") -> 51-63
B18: Gross Motor (GM) | C18: =IF(D18>0,LOOKUP(D18,'Age Equivalent'!W4:W96,'Age Equivalent'!X4:X96),"") -> 9 | D18: =SUM(GM!D6:D13,GM!D15:D26,GM!D28:D35,GM!H6:H10,GM!H12:H15,GM!H17:H22,GM!H24:H27,GM!H29:H38) -> 30 | E18: =IF(D18>0,LOOKUP('Scaled Scores'!AF5,'Scaled Scores'!AG5:AG1118,'Scaled Scores'!AI5:AI1118),"") -> <1 | F18: =IF(D18>0,LOOKUP('Scaled Scores'!AF5,'Scaled Scores'!AG5:AG1118,'Scaled Scores'!AH5:AH1118),"") -> 1 | G18: =IFERROR(LOOKUP(F18,'Other Metrics'!$E$2:$E$112,'Other Metrics'!$F$2:$F$112),"") -> -3 | J18: =B17 -> Motor (MOT) | K18: =IF(H21>0,H21,"") -> 9 | L18: =IFERROR(VLOOKUP($K$18,INDIRECT(DQs!$AD$1),2,0),"") -> 62 | M18: =IFERROR(VLOOKUP($K$18,INDIRECT(DQs!$AD$1),4,0),"") -> 1 | N18: =IFERROR(VLOOKUP($K$18,INDIRECT(DQs!$AD$1),3,0),"") -> 57-73
B19: Fine Motor (FM) | C19: =IF(D19>0,LOOKUP(D19,'Age Equivalent'!Z4:Z64,'Age Equivalent'!AA4:AA64),"") -> 19 | D19: =SUM(FM!D6:D12,FM!D14:D18,FM!D20:D22,FM!D24:D25,FM!D27:D31,FM!H6:H12,FM!H14:H24) -> 28 | E19: =IF(D19>0,LOOKUP('Scaled Scores'!AJ5,'Scaled Scores'!AK5:AK1107,'Scaled Scores'!AM5:AM1107),"") -> 1 | F19: =IF(D19>0,LOOKUP('Scaled Scores'!AJ5,'Scaled Scores'!AK5:AK1107,'Scaled Scores'!AL5:AL1107),"") -> 3 | G19: =IFERROR(LOOKUP(F19,'Other Metrics'!$E$2:$E$112,'Other Metrics'!$F$2:$F$112),"") -> -2.33 | J19: =B22 -> Cognitive (COG) | K19: =IF(H26>0,H26,"") -> 11 | L19: =IFERROR(VLOOKUP($K$19,INDIRECT(DQs!$AM$1),2,0),"") -> 66 | M19: =IFERROR(VLOOKUP($K$19,INDIRECT(DQs!$AM$1),4,0),"") -> 1 | N19: =IFERROR(VLOOKUP($K$19,INDIRECT(DQs!$AM$1),3,0),"") -> 61-75
B20: Perceptive Motoe (PM) | C20: =IF(L8<24,"",IF(D20>0,LOOKUP(D20,'Age Equivalent'!AC4:AC34,'Age Equivalent'!AD4:AD34),"")) -> 0 | D20: =IF(L8<24,"n/a",SUM(PM!D6:D7,PM!D9:D10,PM!D12:D13,PM!D15:D17,PM!D19:D20,PM!H6:H8,PM!H10:H20)) -> 12 | E20: =IF(L8<24,"",IF(D20>0,LOOKUP('Scaled Scores'!AN5,'Scaled Scores'!AO5:AO688,'Scaled Scores'!AQ5:AQ688),"")) -> 5 | F20: =IF(L8<24,"",IF(D20>0,LOOKUP('Scaled Scores'!AN5,'Scaled Scores'!AO5:AO688,'Scaled Scores'!AQ5:AQ688),"")) -> 5 | G20: =IF(L8<24,"",LOOKUP(F20,'Other Metrics'!$E$2:$E$112,'Other Metrics'!$F$2:$F$112)) -> -1.67 | J20: =B28 -> DDI-2 Total | K20: =IF(SUM(K15:K19)>0,SUM(K15:K19),"") -> 38
B21: Total | C21: =IF(SUM(C18:C20)>0,SUM(C18:C20),"") -> 28 | D21: =IF(SUM(D18:D20)>0,SUM(D18:D20),"") -> 70 | H21: =IFERROR(IF(SUM(F18:F20)>0,SUM(F18:F20),""),"") -> 9
B22: Cognitive (COG)
B23: Attention and Memory (AM) | C23: =IF(D23>0,LOOKUP(D23,'Age Equivalent'!AF4:AF64,'Age Equivalent'!AG4:AG64),"") -> 16 | D23: =SUM(AM!D6:D10,AM!D12:D13,AM!D15:D17,AM!D19:D23,AM!D25:D26,AM!D28:D29,AM!D31:D43,AM!H6:H30) -> 28 | E23: =IF(D23>0,LOOKUP('Scaled Scores'!AR5,'Scaled Scores'!AS5:AS1100,'Scaled Scores'!AU5:AU1100),"") -> <1 | F23: =IF(D23>0,LOOKUP('Scaled Scores'!AR5,'Scaled Scores'!AS5:AS1100,'Scaled Scores'!AT5:AT1100),"") -> 2 | G23: =IFERROR(LOOKUP(F23,'Other Metrics'!$E$2:$E$112,'Other Metrics'!$F$2:$F$112),"") -> -3.67
B24: Reasoning and Academic Skills (RA) | C24: =IF(D24>0,LOOKUP(D24,'Age Equivalent'!AI4:AI40,'Age Equivalent'!AJ4:AJ40),"") -> 30 | D24: =SUM(RA!D6:D8,RA!D10:D16,RA!D18:D26,RA!H6:H26) -> 16 | E24: =IF(D24>0,LOOKUP('Scaled Scores'!AV5,'Scaled Scores'!AW5:AW688,'Scaled Scores'!AY5:AY688),"") -> 25 | F24: =IF(D24>0,LOOKUP('Scaled Scores'!AV5,'Scaled Scores'!AW5:AW688,'Scaled Scores'!AX5:AX688),"") -> 8 | G24: =IF(L8<24,"",LOOKUP(F24,'Other Metrics'!$E$2:$E$112,'Other Metrics'!$F$2:$F$112)) -> -0.67
B25: Perception and Concepts (PC) | C25: =IF(D25>0,LOOKUP(D25,'Age Equivalent'!AL4:AL52,'Age Equivalent'!AM4:AM52),"") -> 9 | D25: =SUM(PC!D6:D8,PC!D10:D11,PC!D13:D14,PC!D16:D25,PC!D27:D33,PC!H6:H20,PC!H22:H39) -> 10 | E25: =IF(D25>0,LOOKUP('Scaled Scores'!AZ5,'Scaled Scores'!BA5:BA1082,'Scaled Scores'!BC5:BC1082),"") -> <1 | F25: =IF(D25>0,LOOKUP('Scaled Scores'!AZ5,'Scaled Scores'!BA5:BA1082,'Scaled Scores'!BB5:BB1082),"") -> 1 | G25: =IFERROR(LOOKUP(F25,'Other Metrics'!$E$2:$E$112,'Other Metrics'!$F$2:$F$112),"") -> -3
B26: Total | C26: =IF(SUM(C23:C25)>0,SUM(C23:C25),"") -> 55 | D26: =IF(SUM(D23:D25)>0,SUM(D23:D25),"") -> 54 | H26: =IFERROR(IF(SUM(F23:F25)>0,SUM(F23:F25),""),"") -> 11
B28: DDI-2 Total

Sheet SC
B1: Adaptive (ADP)
B2: Self-Care (SC) | F2: Self-Care (SC)
B3: Item | C3: Item Description | D3: Score | F3: Item | G3: Item Description | H3: Score
D4: 0 1 2 | H4: 0 1 2
B5: 0-11 months | F5: 3 years
B6: SC-1 | C6: Sucks with smooth, coordinated movements | D6: 2 | F6: SC-17 | G6: Distinguishes between food and non-food substances
B7: SC-2 | C7: Places both hands on a bottle or breast during feeding | D7: 2 | F7: SC-18 | G7: Removes clothing unassisted
B8: SC-3 | C8: Mouths soft foods using up-and-down jaw movements and pushed food againts the top of their mouth with their tongue | D8: 2 | F8: SC-19 | G8: Accurately responds "yes" or "no" when asked if they need to use the toilet
F10: SC-20 | G10: Expresses a need to use the toilet
B11: SC-4 | C11: Takes strained food from a spoon and swallows it | D11: 2 | F11: SC-21 | G11: Controls bowel movements regularly
B12: SC-5 | C12: Eats semi-solid food when it is placed in their mouth | D12: 2 | F12: 4 years
B13: SC-6 | C13: Holds or supports a bottle to feed themselves | D13: 2 | F13: SC-22 | G13: Asks for food at the table
B14: SC-7 | C14: Uses their lips to remove food from an eating utensil | D14: 2 | F14: SC-23 | G14: Blows their nose with assistance
C15: held by an adult | D15: 2 | F15: SC-24 | G15: Washes and dries their hands with assistance
B16: 13-23 months | F16: SC-25 | G16: Obtains a drink from the tap without assistance
B17: SC-8 | C17: Feeds themselves bite-size pieces of food | D17: 2 | F17: SC-26 | G17: Chooses the appopriate utensil for the food they are eating
B18: SC-9 | C18: Drinks from a cup with assistance | D18: 2 | F18: SC-27 | G18: Sleeps throug the night without wetting the bed
B19: SC-10 | C19: Chews food using a rotary (side-to-side) jam movement | D19: 2 | F19: 5 years
B20: 2 years | F20: SC-28 | G20: Dresses and undresses without supervision
B21: SC-11 | C21: Helps dress themselves by holding out their arms/legs | D21: 2 | F21: SC-29 | G21: Takes care of their own toileting needs
B22: SC-12 | C22: Asks for food or liquid with words or gestures | D22: 1 | F22: SC-30 | G22: Puts on clothing and shoes correctly
B23: SC-13 | C23: Uses a spoon or other utiensil to feed themselves | F23: SC-31 | G23: Prepares a toothbrush and brushes their teeth
B24: SC-14 | C24: Removes their shoes without assistance | F24: SC-32 | G24: Cuts soft food with the side of a fork
B25: SC-15 | C25: Drinks from a cup without assitance with little spilling | F25: SC-33 | G25: Chooses clothing that is appropriate for the weather
B26: SC-16 | C26: Feeds themselves with a spoon or fork without assistance | F26: SC-34 | G26: Chooses clothing that is apporpriate for the occasion
F27: SC-35 | G27: Takes a bath or shower without assitance

Sheet PR
B1: Adaptive (ADP)
B2: Personal Responsibility (PR) | F2: Personal Responsibility (PR)
B3: Item | C3: Item Description | D3: Score | F3: Item | G3: Item Description | H3: Score
D4: 0 1 2 | H4: 0 1 2
B5: 2-3 years | F5: PR-14 | G5: Answers "what-to-do" questions You friend broke a leg _____ Pass _____ Fail You want to play longer _____ Pass _____ Fail
B6: PR-1 | C6: Moves independently around the house, requiring only occasional supervision | D6: 2
B8: PR-2 | C8: Understands that hot is dangerous | D8: 2 | F8: PR-15 | G8: Regularly performs 2 or more household chores
B9: PR-3 | C9: Puts away toys when asked | D9: 2 | F9: PR-16 | G9: Crosses the street safely
B10: 4 years | F10: PR-17 | G10: Knows their own phone number
B11: PR-4 | C11: Show care when handling an infant or small animal | D11: 2 | F11: PR-18 | G11: Goes to bed without assitance
B12: PR-5 | C12: Indicates or describes an illness to an adult | D12: 2 | F12: PR-19 | G12: Uses the telephone to place a call
B13: PR-6 | C13: Demonstrates caution and avoids common dangers | D13: 2 | F13: PR-20 | G13: Uses emergency phone numbers
B14: PR-7 | C14: Responds to instructions given in a small group and initiates an appropriate task without being reminded | D14: 2 | F14: PR-21 | G14: Knows their address
F15: PR-22 | G15: Makes a purchase in a store by themselves
B16: 5 years | F16: PR-23 | G16: Handles small sums of money responsibly
B17: PR-8 | C17: Uses appropriate behavior and voice in public settings | D17: 2 | F17: PR-24 | G17: Builds or repairs with appropriate tools or implements
B18: PR-9 | C18: Continues to work on a learning task with minimal guidance | F18: PR-25 | G18: Handles their own money
B19: PR-10 | C19: Initiates and organizes their own activities
B20: 6-7 years
B21: PR-11 | C21: Answers "what to do" questions involving responsibility
C22: Y N: You saw smoke and fire
C23: Y N: A stranger asked you to go on a ride
B24: PR-12 | C24: Follows rules when playing simple games
B25: PR-13 | C25: Asks permission to use others' possessions

Sheet AI
B1: Personal-Social (P-S)
B2: Adult Interaction (AI) | F2: Adult Interaction (AI)
B3: Item | C3: Item Description | D3: Score | F3: Item | G3: Item Description | H3: Score
D4: 0 1 2 | H4: 0 1 2
B5: 0-11 months | F5: 3 years
B6: AI-1 | C6: Looks at an adult's face | D6: 2 | F6: AI-15 | G6: Greets familiar adults spontaniously
B7: AI-2 | C7: Responds physically when held | D7: 2 | F7: AI-16 | G7: Enjoys having someone read simple stories to them
B8: AI-3 | C8: Shows awareness of other people | D8: 2 | F8: AI-17 | G8: Helps with simple household tasks
B9: AI-4 | C9: Shows a desire to picked up or held by familiar people | D9: 2 | F9: AI-18 | G9: Responds positively when familiar adults or adults in authority initiate social content
B10: 12-17 months
B11: AI-5 | C11: Explores adult facial features | D11: 2 | F11: AI-19 | G11: Allows others to participate in their activities
B12: AI-6 | C12: Shows a desire for social attention | D12: 2 | F12: 4 years
B13: AI-7 | C13: Expresses displeasure or dislike of certain activities or situation | D13: 2 | F13: AI-20 | G13: Initiates social contact or interactions with familiar adults
F14: AI-21 | G14: Seperates easily from the parent
B15: AI-8 | C15: Expresses enjoyment or preference of certain activities or situation | D15: 2 | F15: AI-22 | G15: Uses adults other than their parents as resources
F16: 5 years
B17: AI-9 | C17: Plays peek-a-boo | F17: AI-23 | G17: Asks for adult help when needed
B18: AI-10 | C18: Discriminates between familiar and unfamiliar people | F18: AI-24 | G18: Follows adult directions with little or no resisance
B19: 18-23 months | F19: AI-25 | G19: Follows the rules given by an adult for playing simple childhood games with peers
B20: AI-11 | C20: Shows appropriate signs of seperation anxiety when removed from their parent or caregive
F21: AI-26 | G21: Follows classroom rules and regulations
B22: AI-12 | C22: Continues to vocalize when imitated | F22: AI-27 | G22: Attempts to be humerous
B23: 2 years | F23: AI-28 | G23: Recognizes an adult's feelings
B24: AI-13 | C24: Shows appropriat levels of affection for people, pets or posessions | F24: AI-29 | G24: Trusts familiar adults and accepts explinations from them
F25: AI-30 | G25: Wait for their turn for adult's or teacher's attention
B26: AI-14 | C26: Responds positively to adult praise, rewards or promises of rewards

Sheet SR
B1: Personal-Social (P-S)
B2: Self Concept and Social Role (SR) | F2: Self Concept and Social Role (SR)
B3: Item | C3: Item Description | D3: Score | F3: Item | G3: Item Description | H3: Score
D4: 0 1 2 | H4: 0 1 2
B5: 0-11 months | F5: SR-25 | G5: Recognies the facial expressions of primary emotions
B6: SR-1 | C6: Smiles or vocalizes in response to adult attention | G6: P F : Happy P F : Sad
B7: SR-2 | C7: Enjoys frolic play | F7: 5 years
B8: 12-23 months | F8: SR-26 | G8: Is aware of differences between males and females
B9: SR-3 | C9: Expresses emotions | F9: SR-27 | G9: Recovers from distress in a reasonable amount of time when comforted
B10: SR-4 | C10: Shows awareness of their hands
B11: 2 years | F11: SR-28 | G11: Asserts themself in socialbly acceptable ways
B12: SR-5 | C12: Is aware of their feet | F12: SR-29 | G12: Recognizes another's need for help and offers assistance
B13: SR-6 | C13: Responds to their name | F13: SR-30 | G13: Shows a positive attitude towards school
B14: 2 1/2 years | F14: 6 years
B15: SR-7 | C15: Displays independent behavior | F15: SR-31 | G15: Describes their feelings
B16: SR-8 | C16: Identifies themselves in a mirror | F16: SR-32 | G16: Repondes properly ot the rights of others
B17: SR-9 | C17: Expresses ownership or posessions | F17: SR-33 | G17: Demonstrates the ability to "show-and-tell" without major discomfort.
B18: SR-10 | C18: Follows directions replated to their daily routine
B19: SR-11 | C19: Appropriately communicaes a range of positive emotions | F19: 7 years
B20: SR-12 | C20: Imitates others and changes their behavior based on what they are doing | F20: SR-34 | G20: Recognizes the feelings of others
F21: SR-35 | G21: Uses adults appropriately to help resolve peer conflict
B22: SR-13 | C22: Shows pride in accomplishments | F22: SR-36 | G22: Discriminates between socially acceptable and unacceptable bevavior
B23: SR-14 | C23: Expresses enthusiasm for work or play
B24: SR-15 | C24: Appropriately communicaes a range of negative emotions | F24: SR-37 | G24: Shoes moral responsibility
B25: 3 years | F25: SR-38 | G25: Delays gratification until a task is complete
B26: SR-16 | C26: States their first name | F26: SR-39 | G26: Copes with criticism and teasing.
B27: SR-17 | C27: Uses object in make-believe play | F27: SR-40 | G27: Admits responsibility for error or wrongdoing
B28: SR-18 | C28: Uses words for social contact | F28: SR-41 | G28: Considers the emotioal or connitive perspecitve of others
B29: SR-19 | C29: Uses a personal pronoun to refer to themselvf | F29: SR-42 | G29: Sees alternatives to problems with adult assistance
B30: SR-20 | C30: States their age | F30: SR-43 | G30: Stays on task and works through difficulties and frustrations
B31: SR-21 | C31: Engages in adult role-playing and imitation | F31: SR-44 | G31: Copes independantly and appropriately with peer aggression directed towards them.
B32: 4 years
B33: SR-22 | C33: States whether they are male or female | F33: SR-45 | G33: Describes their personality
B34: SR-23 | C34: States their first and last name
B35: SR-24 | C35: Speaks positively about themselves

Sheet RC
B1: Communication (COM)
B2: Receptive Communication (RC) | F2: Receptive Communication (RC)
B3: Item | C3: Item Description | D3: Score | F3: Item | G3: Item Description | H3: Score
D4: 0 1 2 | H4: 0 1 2
B5: 0-11 months | F5: 4 years
B6: RC-1 | C6: Responds to a non-speech shound outside their field of vision | D6: 2 | F6: RC-18 | G6: Follows 2-step verbal command
F7: RC-19 | G7: Responds to the prepositions "toward" and "behind" Toward Pass Fail Behind Pass Fail
B8: RC-2 | C8: Responds to a voice outsied their field of vision | D8: 2
B9: RC-3 | C9: Is soothed by a familiar adult's voice | D9: 2
B10: RC-4 | C10: Thruns their head toward the source of a sound outside their field of vision | D10: 2 | F10: RC-20 | G10: Respnds to the adverbs "softly" and "loudly"
F11: RC-21 | G11: Understand regular plural forms Boy with the cats Pass Fail Boy in the batchtub Pass Fail
B12: 12-23 months
B13: RC-5 | C13: Attends to someone speasking to them for at least 10 seconds | D13: 2
B14: RC-6 | C14: Responds with awareness, acceptance and in a socially appropriate ways when a familiar person approaches, touches or talks to them | F14: RC-22 | G14: Undersands the superatives "biggest" and "longest"
F15: RC-23 | G15: Responds to "where" and "when" questions Where Pass Fail When Pass Fail
B17: RC-7 | C17: Responds to different tones of a person's voice
B18: RC-8 | C18: Attends to other people's conversations for 30 seconds | F18: 5-6 years
B19: RC-9 | C19: Associates spoken words with familiar objects or actions | F19: RC-24 | G19: Understands simple negations
B20: 2 years | F20: RC-25 | G20: Associated spoken words with pictures Bird Pass Fail Hen Pass Fail Telephone: Pass Fail
B21: RC-10 | C21: Identifies family members or pets when named
B22: RC-11 | C22: Responds to simultaneous verbal and gestural commands
B23: RC-12 | C23: Looks at or points to an object across the room when it is named. | F23: RC-26 | G23: Recalls events from a story presented orally -- Level 1 Ball Pass Fail Tippy (dog) Pass Fail Sat down Pass Fail
B25: 3 years
B26: RC-13 | C26: Follows 3 or more verbal command
B27: RC-14 | C27: Responds to the prepositions "out" and "on" Out Pass Fail On Pass Fail
B30: RC-15 | C30: Understands the simple possessive forms "your" and "my" Your foot Pass Fail My foot Pass Fail
B33: RC-16 | C33: Responds to "who" and "what" quesrtions Who Pass Fail What Pass Fail
B36: RC-17 | C36: Understands the simple posessive form 's Baby's mouth Pass Fail Daddy's boy Pass Fail

Sheet EC
B1: Communication (COM)
B2: Expressive Communication (EC) | F2: Expressive Communication (EC)
B3: Item | C3: Item Description | D3: Score | F3: Item | G3: Item Description | H3: Score
D4: 0 1 2 | H4: 0 1 2
B5: 0-11 months | F5: 4 years
B6: EC-1 | C6: Produces differential cries | D6: 2 | F6: EC-22 | G6: Asks questions that begin with "who" and "where"
B7: EC-2 | C7: Produces one or more vowel sounds | D7: 2 | F7: EC-23 | G7: Names their creation and labels its elements
B8: EC-3 | C8: Babbles | D8: 2 | F8: EC-24 | G8: Asks questions that begin with "why" and "how"
B9: EC-4 | C9: Vocalizesto express their feelings | D9: 2 | F9: EC-25 | G9: Uses the articles "the" and "a" I see a cow Pass Fail I read the book Pass Fail The bike is red Pass Fail I am drawing a dog Pass Fail
B10: 12-23-months
B11: EC-5 | C11: Produces one or more single-sylable consonant-vowel sounds | D11: 2
B13: EC-6 | C13: Repeats one or more single-sylable consonant-vowel sounds in close succession | D13: 2
F14: EC-26 | G14: Uses 5- or 6-word sentances
B15: EC-7 | C15: Waves "bye-bye" | D15: 2 | F15: 5 years
B16: EC-8 | C16: Initiates speech sounds | F16: EC-27 | G16: Uses plural forms ending with "s" or "z" sound Cups Pass Fail Dolls Pass Fail Trucks Pass Fail Spoons Pass Fail
B17: EC-9 | C17: Uses gestures to indicate wants or needs
B18: 2 years
B19: EC-10 | C19: Uses variations in their voice
B20: EC-11 | C20: Spontaneously initiates sounds words, or gestures that are associated with objects in the immediate environment
F21: EC-28 | G21: Communicated their experiences clearly enough for others to understand
B22: EC-12 | C22: Uses 10 or more words
B23: EC-13 | C23: Communicates in a back-and-forth, turn-taking style using sounds, gestures, or other nonverbal methods | F23: EC-29 | G23: Repeats familiar words with clear articulation Cup C P House H S Window W D Match M CH Rabbit R B Begun B N Bake B K Ring NG Jump J Plant PL Draw DR Shove SH V
B25: EC-14 | C25: Uses 2-word utterances to express meaniful relationships
B26: 3 years
B27: EC-15 | C27: Uses words to express what they see and do and to express the experiences that immediately affect them
B29: EC-16 | C29: Uses words to get their needs meet
B30: EC-17 | C30: Uses 3-word phrases meaningfully
B31: EC-18 | C31: Engages in extended and meaningful nonverbal exchanges with others
B33: EC-19 | C33: Uses the pronouns "I", "you", and "me"
B34: EC-20 | C34: Uses words to relate information about other people, their actions, or their experiences
B36: EC-21 | C36: Responds "yes" or "no" appropriately Shoes On? Pass Fail Standing on a table? Pass Fail Sitting in a chair Pass Fail Elephant in the room? Pass Fail

Sheet PI
B1: Personal-Social (P-S)
B2: Peer Interaction | F2: Peer Interaction
B3: Item | C3: Item Description | D3: Score | F3: Item | G3: Item Description | H3: Score
D4: 0 1 2 | H4: 0 1 2
B5: 2 years | F5: 5 years
B6: PI-1 | C6: Shows awareness of the presence of other children | D6: 2 | F6: PI-13 | G6: Initiates social contacts and interactions with peers
B7: PI-2 | C7: Enjoys playing with other children | D7: 2 | F7: PI-14 | G7: Has special friends
B8: 2 1/2 years | F8: PI-15 | G8: Willingly talks turns and shares
B9: PI-3 | C9: Plays independently in the company of peers | D9: 2 | F9: PI-16 | G9: Cooperated in group activities
B10: PI-4 | C10: Initiates social contact with peers in play | F10: PI-17 | G10: Willingly participates in new or unexpected activities or tasks
B11: PI-5 | C11: Imitates the play activity of other children
B12: 3 years | F12: PI-18 | G12: Uses peers as resources
B13: PI-6 | C13: Responds differently to familiar and unfamiliar children | F13: PI-19 | G13: Exchanges ideas with other children and goes along with other children's ideas
B14: PI-7 | C14: Plays with a peer, using the samematerials, without disturbing the other child's play
F15: PI-20 | G15: Participates in competitive play activities
B16: 4 years | F16: PI-21 | G16: Resolves a conflict with a peer without using aggression or violence
B17: PI-8 | C17: Expresses affection or liking of a peer
B18: PI-9 | C18: Shows sympath or concern for others | F18: PI-22 | G18: Assumes a leadershio role in peer relationships
B19: PI-10 | C19: Interacts appropriatly with peers in nonplay group activities | F19: PI-23 | G19: Initiates prosocial interactions
B20: PI-11 | C20: Shares properly with others | F20: PI-24 | G20: Recognizes the basic similarities of all children
B21: PI-12 | C21: Play cooperatively with peers | F21: PI-25 | G21: Recognizes and accepts diversity among other children

Sheet GM
B1: Motor (MOT)
B2: Gross Motor (GM) | F2: Gross Motor (GM)
B3: Item | C3: Item Description | D3: Score | F3: Item | G3: Item Description | H3: Score
D4: 0 1 2 | H4: 0 1 2
B5: 0-5 months | G5: 18-23 months
B6: GM-1 | C6: Maintains an upright posture at an adult's shoulder without assitance for at leat 2 minutes | D6: 2 | F6: GM-20 | G6: Creeps or crawls up to 4 steps without assistance
F7: GM-21 | G7: Walks without support for 10 feet without falling
B8: GM-2 | C8: Holds their head erect for 1 minute when help | D8: 2 | F8: GM-22 | G8: Moves from a sitting to standing position without support
B9: GM-3 | C9: Lifts their head and holds it up for 5 seconds while lying in a prone position | D9: 2 | F9: GM-23 | G9: Moves from a pupine to standing position using smooth, coordinated movement without support or assitance
B11: GM-4 | C11: Lifts and turns their head from side to side while lying in a prone position | D11: 2 | F11: 2 years
F12: GM-24 | G12: Maintains or corrects their balance when moving from a standing positionother nonvertical positions
B13: GM-5 | C13: Brings their hands together at the midline | D13: 2
B14: 6-11 months | F14: GM-25 | G14: Walks up 4 stairs without support
B15: GM-6 | C15: Turns their head freely from side-to-side while supported in a sitting position | D15: 2 | F15: GM-26 | G15: Walks down 4 steps without support
F16: 3 years
B17: GM-7 | C17: Holds their head parallel to the body when pulled from a surpine to a seated position | D17: 2 | F17: GM-27 | G17: Runs 10 feet without falling
F18: GM-28 | G18: Kicks a ball forward without falling
B19: GM-8 | C19: Moves their arms when a toy is in sight | D19: 2 | F19: GM-29 | G19: Walks up and down stairs without assitance
B20: GM-9 | C20: Puts objects into their mouth | D20: 2 | F20: GM-30 | G20: Walks backwards 5 feet
B21: GM-10 | C21: Moves an object from hand to mounth | D21: 2 | F21: GM-31 | G21: Throws a ball 5 feet forward with direction
B22: GM-11 | C22: Turns from a prone to a supine position unassisted | D22: 2 | F22: GM-32 | G22: Jumps forward with both fet together
B23: GM-12 | C23: Intentionally secures a nearby object while in a prone position | D23: 2 | F23: 4 years
F24: GM-33 | G24: Walks forward 2 or more steps on a line on the floor, apternating feet
B25: GM-13 | C25: Sits without assitance for at leat 5 seconds | D25: 2
B26: GM-14 | C26: Makes stepping movements when held in an upright position | D26: 2 | F26: GM-34 | G26: Walks down stairs without assistance alternating feet
B27: 12-17 months | F27: GM-35 | G27: Imitates the bilateral movements of an adult
B28: GM-15 | C28: Moves 3 or more feet by crawling | D28: 2 | F28: 5 years
B29: GM-16 | C29: Puts themselves in a standing position while holding on to a solid object without adult assistance | F29: GM-36 | G29: Bends over and touches the floor with both hands
F30: GM-37 | G30: Catches an 8-inch ball from 5 feet away with both hands
B31: GM-17 | C31: Moves from a standing to sitting position while holding a solid object | F31: GM-38 | G31: Walks in a straight line, heel-to-toe, for 4 or more steps
F32: GM-39 | G32: Hops forward on one foot without support
B33: GM-18 | C33: Walks for 3 or more steps without assitance | F33: GM-40 | G33: Stands on each foot alternately with eyes closed
B34: GM-19 | C34: Stands in an upreight position without support for 30 or more seconds. | F34: GM-41 | G34: Walks a 6-foot line on the floor, heel-to-toe, with eyes open
F35: GM-42 | G35: Skips on alrernate feet for 20 feet
F36: GM-43 | G36: Throws a ball and hits target with dominant hand
F37: GM-44 | G37: Jumps rope without assistance
F38: GM-45 | G38: Throws a ball and hits target with non-dominant hand

Sheet FM
B1: Motor (MOT)
B2: Fine Motor (FM) | F2: Fine Motor (FM)
B3: Item | C3: Item Description | D3: Score | F3: Item | G3: Item Description | H3: Score
D4: 0 1 2 | H4: 0 1 2
C5: 0-11 months | G5: 4 years
B6: FM-1 | C6: Holds hands in a open, loose-fisted position when not grasping an object | D6: 2 | F6: FM-17 | G6: Strings 4 large beads
F7: FM-18 | G7: Holds paper with one hand while drawing or writing with the other hand
B8: FM-2 | C8: Holds their hands together at the midline | D8: 2
B9: FM-3 | C9: Holds an object with their fingers against the heel of the palm (ulnar-palmar prehension) | D9: 2 | F9: FM-19 | G9: Fastens clothing without assitance
F10: FM-20 | G10: Wiggle their thumb in bending, circularm and back-and-forth movements
B11: FM-4 | C11: Holds an object for 1 minute | D11: 2
B12: FM-5 | C12: Holds hands in an open position when not grasping an object | D12: 2 | F12: FM-21 | G12: Traces designs with curved edges
B13: 12-17 months | F13: 5 years
B14: FM-6 | C14: Retrieves a small object by raking it with their fingers and pulling it to the palm of the hand | D14: 2 | F14: FM-22 | G14: Traces designs with corners
F15: FM-23 | G15: Folds a sheet of paper
B16: FM-7 | C16: Transfers and object from one hand ot the other | D16: 2 | F16: FM-24 | G16: Folds a piece of paper twice -- one horizontally and again vertically at right angles.
B17: FM-8 | C17: Picks up a rasin with several fingers opposed to the thumb (partial finger prehension) | D17: 2
F18: FM-25 | G18: Opens a smapp padlock with a key
B19: 18-23 months | F19: FM-26 | G19: Cuts with sissors following a line
B20: FM-9 | C20: Drops an object intentionally with demonstration | D20: 2 | F20: FM-27 | G20: Crumples pieces of paper into balls with each hand
B21: FM-10 | C21: Picks up a rasin with the ends of the thumb and index finger in an overhand approach (neat pincer grasp) | D21: 2 | F21: FM-28 | G21: Touches the fingertips of each hand successlvey with the thumb of the same hand
B23: 2 years | F23: FM-29 | G23: Ties a single overhand knot around a cryon with a string
B24: FM-11 | C24: Extrends a toy to a person and releases it from their grasp | D24: 2 | F24: FM-30 | G24: Catches a tennis ball, tossed from 6 feet, with on hand
B25: FM-12 | C25: Intentionally propels or throws an object | D25: 2
B26: 3 years
B27: FM-13 | C27: Removes forms from a form board | D27: 2
B28: FM-14 | C28: Extends or points with their index finger independent of the thumb and other fingers | D28: 2
B30: FM-15 | C30: Scribbles linear and/or circular patterns spontaneously
B31: FM-16 | C31: Uses pads of fingertips to grasp pencil

Sheet PM
B1: Motor (MOT)
B2: Perceptial Motor (PM) | F2: Perceptial Motor (PM)
B3: Item | C3: Item Description | D3: Score | F3: Item | G3: Item Description | H3: Score
D4: 0 1 2 | H4: 0 1 2
C5: 2 years | G5: 6 years
B6: PM-1 | C6: Reaches for and touches an object placed in front to them | F6: PM-12 | G6: Copies a cross
B7: PM-2 | C7: Reaches for an object with one hand | D7: 2 | F7: PM-13 | G7: Copies the letters "V","H", and "T"
B8: 2 1/2 years | F8: PM-14 | G8: Draws a person with 6 parts
B9: PM-3 | C9: Intentionall drops a cube into a cup with demonstration | D9: 2 | F9: 7 years
B10: PM-4 | C10: Places a rasin in a bottle | D10: 2 | F10: PM-15 | G10: Copies the numerals "1" though "5"
C11: 3 years | F11: PM-16 | G11: Copies simple words
B12: PM-5 | C12: Dumps a rasin from a bottle | D12: 2 | F12: PM-17 | G12: Copies a triangle
B13: PM-6 | C13: Place 4 rings on a post in any order | D13: 2 | F13: PM-18 | G13: Copies words with uppercase and lowercase letters
B14: 4 yeats | F14: PM-19 | G14: Copies directional arrows
B15: PM-7 | C15: Stacks 2 cubes | D15: 2 | F15: PM-20 | G15: Copies a diamond
B16: PM-8 | C16: Imitates circular markings | F16: PM-21 | G16: Copies 2 tilted triangles
B17: PM-9 | C17: Stakcs 8 cubes vertically | F17: PM-22 | G17: Copies a 2-dimentional design
B18: 5 years | F18: PM-23 | G18: Copies a 3-dimentional clinder design
B19: PM-10 | C19: Imitates veritcla and horizontal markings | F19: PM-24 | G19: Copies a 3-dimentional box design
B20: PM-11 | C20: Copies a circle | F20: PM-25 | G20: Writes in script (cursive) rather than printing

Sheet AM
B1: COGNITIVE (COG)
B2: Attention and Memory (AM) | F2: Attention and Memory (AM)
B3: Item | C3: Item Description | D3: Score | F3: Item | G3: Item Description | H3: Score
D4: 0 1 2 | H4: 0 1 2
C5: 0-5 months | F5: 5 years
B6: AM-1 | C6: Visually attends to a light source moving in a 180-degree arc | D6: 2 | F6: AM-21 | G6: Focuses their attention on one task while being aware of, but not distracted by, surrounding activities
B7: AM-2 | C7: Turns their eyes toward a light source | D7: 2
B8: AM-3 | C8: Visually attends to a light source moving in a vertical direction | D8: 2 | F8: AM-23 | G8: Recalls familiar objects Shoe ____ Pass ____ Fail Cube ____ Pass ____ Fail
B10: AM-4 | C10: Shows anticipatory excitement | D10: 2
B11: 6-11 months | F11: AM-24 | G11: Located hidden items in a picture scene: Time _____ Min _____ Sec Items found after 2 minutes _____ Ball _____ Glue Bottle _____ Eraser _____ Red Crayon _____ Unicord _____ Compass
B12: AM-5 | C12: Visually attends to an object for 5 or more seconds | D12: 2
B13: AM-6 | C13: Follows a auditory stimulus | D13: 2
B14: 12-17 months
B15: AM-7 | C15: Follows a verticle stimulus | D15: 2
B16: AM-8 | C16: Attends to an obgoing sound or activity for 15 or more seconds | D16: 2
F17: AM-25 | G17: Says alphabet by rote
B18: 18-23 months | F18: AM-26 | G18: Repeats 4-digit sequences 3, 1, 4, 8 _____ Pass _____ Fail 9, 6, 8, 2 _____ Pass _____ Fail
B19: AM-9 | C19: Occupies themselves for 5 minutes | D19: 2
B20: AM-10 | C20: Attends to a game of peekaboo for 1 minute | D20: 2
B21: AM-11 | C21: Uncovers a hidden toy | D21: 2 | F21: AM-27 | G21: Recalls facts form an oral story Where was the dog running? ____ Pass ____ Fail What color was the dog? ____ Pass ____ Fail What did the dog do when the cat was in the tree? ____ Pass ____Fail
B22: AM-12 | C22: Occupies themselves for 10 or more minutes without demanding attention | D22: 2
B24: 2 years
B25: AM-13 | C25: Searches for a removed object | D25: 2
B26: AM-14 | C26: Looks at, points to, or touches pictures in a book | D26: 2 | F26: AM-28 | G26: Repeats sequences of 4 and 5 objects from memory
B27: 3 years | F27: AM-29 | G27: Repeats sequences of 6 and 7 objects from memory
B28: AM-15 | C28: Attends to one activity for 3 or more minutes | F28: AM-30 | G28: Repeats 6-digit sequences 8, 9, 1, 7, 4, 3 ____ Pass ____ Fail 7, 2, 6, 4, 8, 3 ____ Pass ____ Fail
B29: AM-16 | C29: Finds an object hidden under one of two cups
B30: 4 years
B31: AM-17 | C31: Selects the hand hiding a toy
B32: AM-18 | C32: Attends to a learning task or story in a small group for 5 min
B33: AM-19 | C33: Recites memorized lines from books, poems, television shows or songs.
B35: AM-20 | C35: Located hidden items in a picture scene Time: ______ min. ______ sec. Items found within 3 minutes: ____ Beach Ball ____ Frog ____ Butterfly ____ Ice cream cone ____ Bird ____ Squirrel

Sheet RA
B1: COGNITIVE (COG)
B2: Attention and Memory (AM) | F2: Attention and Memory (AM)
B3: Item | C3: Item Description | D3: Score | F3: Item | G3: Item Description | H3: Score
D4: 0 1 2 | H4: 0 1 2
C5: 2 years | G5: 5 years
B6: RA-1 | C6: Recognizes themselves as the cause of events or happenings | D6: 2 | F6: RA-11 | G6: Give three objects on request
B7: RA-2 | C7: Experiments with variations of causal behavior | D7: 2 | F7: RA-12 | G7: Finds comical, unexpected, or unusal events humrous
B8: RA-3 | C8: Reaches around a barrier to obtain a toy | D8: 2 | F8: RA-13 | G8: Identifies the larget of two nubers: 5 pennies _____ Pass _____ Fail 8 _____ Pass _____ Fail
C9: 3 years
B10: RA-4 | C10: Show interest and enjoyment in age-appropriate books or printed materials | D10: 2
F11: RA-14 | G11: Completes learning tasks having 2 or more steps without assistance
B12: RA-5 | C12: Pulls a cloth to obtain an object | D12: 2
B13: RA-6 | C13: Nests objects inside each other | D13: 2 | F13: RA-15 | G13: Answers simple logic questions Why to we have clothes? _____ Pass _____ Fail Why to people have cars? _____ Pass _____ Fail
B14: RA-7 | C14: Matches colors: Red ____ Pass ____ Fail Green ____ Pass ____ Fail Blue ____ Pass ____Fail Yellow ____ Pass ____ Fail | D14: 2
F16: RA-16 | G16: Recognizes picture absurdities Picture A _____ Pass _____ Fail Picture B _____ Pass _____ Fail
B17: 4 years
B18: RA-8 | C18: Responds to "one" and "one more" | D18: 2
B19: RA-9 | C19: Names the colors "red", "green", and "blue": Red _____ Pass _____ Fail Green _____ Pass _____ Fail Blue _____ Pass _____ Fail | F19: RA-17 | G19: Complete opposite analogies Sister is a girl; brother is a _______ _____ Pass _____ Fail Fire is hot; Ice is _______ _____ Pass ____ Fail In the daytime it is light; at night it is _____ Pass ____ Fail
B23: RA-10 | C23: Identifies sources of common actions: What flies? _____ Pass _____ Fail What barks? _____ Pass _____ Fail What sleeps? _____ Pass _____ Fail | F23: RA-18 | G23: Identifies the missing parts of objects Wheel _____ Pass _____ Fail Eye _____ Pass _____ Fail Thumb _____ Pass _____ Fail

Sheet PC
B1: COGNITIVE (COG)
B2: Perception and Concpts (PC) | F2: Perception and Concpts (PC)
B3: Item | C3: Item Description | D3: Score | F3: Item | G3: Item Description | H3: Score
D4: 0 1 2 | H4: 0 1 2
C5: 0-11 months | G5: 4 years (continued)
B6: PC-1 | C6: Responds positively to physical contact and tactile stimulation | D6: 2 | F6: PC-15 | G6: Identifies colors of familiar objects not in view Orange _____ Pass _____ Fail Green or Yellow _____ Pass _____ Fail
B8: PC-2 | C8: Visually explores the environment | D8: 2
B9: 12-23 months | F9: PC-16 | G9: Recognizes visual differences among similar shapes Set A _____ Pass _____ Fail Set B _____ Pass _____ Fail Set C _____ Pass _____ Fail
B10: PC-3 | C10: Shows awareness of new situations | D10: 2
B11: PC-4 | C11: Feels and explores objects | D11: 2
B12: 2 years
B13: PC-5 | C13: Physically explores or investigates their surroundings | D13: 2 | F13: PC-17 | G13: Identifies simple objects by touch Bead _____ Pass _____ Fail Square _____ Pass _____ Fail
B14: PC-6 | C14: Imitates simple factial gestures
B15: 3 years
B16: PC-7 | C16: Places a circle and a square in a foam board | F16: PC-18 | G16: Recognizes visual differences among similar numerals and letters Set A _____ Pass _____ Fail Set B _____ Pass _____ Fail Set C _____ Pass _____ Fail
B17: PC-8 | C17: Matches a circle, square, and triangle Circle _____ Pass _____ Fail Square _____ Pass _____ Fail Triangle _____ Pass _____ Fail
B21: PC-9 | C21: Identifies familiar objects by their use Shoe _____ Pass _____ Fail Cup _____ Pass _____ Fail Ball _____ Pass _____ Fail | F21: 5 years
F22: PC-19 | G22: Identifies soft, rough, and smooth textures Soft _____ Pass _____ Fail Rough _____ Pass _____ Fail Smooth _____ Pass _____ Fail
B25: PC-10 | C25: Sorts by color with demonstration
B26: 4 years | F26: PC-20 | G26: Compares the sizes of familir objects not in view Dog _____ Pass _____ Fail Tree _____ Pass _____ Fail Room _____ Pass _____ Fail
B27: PC-11 | C27: Identifies big and little shapes
B28: PC-12 | C28: Sorts by size with demonstration
B29: PC-13 | C29: Sorts forms by shapes Squares _____ Pass _____ Fail Circles _____ Pass _____ Fail Rectangles _____ Pass _____ Fail
F30: PC-21 | G30: assemples a 6-piece puzzle of a person
F31: PC-22 | G31: Identiifes the picture that is different -- Level 1 Tree _____ Pass _____ Fail Dog _____ Pass _____ Fail
B33: PC-14 | C33: Identifies the longer of 2 plastic strips
F34: PC-23 | G34: Understands relative time Every year _____ Pass _____ Fail Minutes _____ Pass _____ Fail Every Week _____ Pass _____ Fail One Week _____ Pass _____ Faile
F39: PC-24 | G39: Identifies past and present activites

Sheet Age Equivalent
B2: ADP - SC | E2: ADP - PR | H2: P-S - AI | K2: P-S - PI | N2: P-S - SR | Q2: COM - RC | T2: COM-EC | W2: MOT - GM | Z2: MOT - FM | AC2: MOT - PM | AF2: COG - AM | AI2: COM - RA | AL2: COG - PC
B3: Score | C3: Age Eq | E3: Score | F3: Age Eq | H3: Score | I3: Age Eq | K3: Score | L3: Age Eq | N3: Score | O3: Age Eq. | Q3: Score | R3: Eq Age | T3: Score | U3: Eq Age | W3: Score | X3: Eq Age | Z3: Score | AA3: Eq Age | AC3: Score | AD3: Eq Age | AF3: Score | AG3: Eq Age | AI3: Score | AJ3: Eq Age | AL3: Score | AM3: Eq Age
B4: 3 | C4: 0 | E4: 6 | F4: 24 | H4: 4 | I4: 0 | K4: 0 | L4: 0 | N4: 0 | O4: 0 | Q4: 0 | R4: 0 | T4: 0 | U4: 0 | W4: 0 | X4: 0 | Z4: 0 | AA4: 0 | AC4: 0 | AD4: 0 | AF4: 0 | AG4: 0 | AI4: 0 | AJ4: 0 | AL4: 0 | AM4: 0
B5: =B4+1 -> 4 | C5: 1 | E5: =E4+1 -> 7 | F5: 24 | H5: 5 | I5: 0 | K5: =K4+1 -> 1 | L5: 0 | N5: =N4+1 -> 1 | O5: 0 | Q5: =Q4+1 -> 1 | R5: 0 | T5: =T4+1 -> 1 | U5: 0 | W5: =W4+1 -> 1 | X5: 0 | Z5: =Z4+1 -> 1 | AA5: 0 | AC5: =AC4+1 -> 1 | AD5: 0 | AF5: =AF4+1 -> 1 | AG5: 0 | AI5: =AI4+1 -> 1 | AJ5: 0 | AL5: =AL4+1 -> 1 | AM5: 0
B6: =B5+1 -> 5 | C6: 3 | E6: =E5+1 -> 8 | F6: 25 | H6: 6 | I6: 1 | K6: =K5+1 -> 2 | L6: 0 | N6: =N5+1 -> 2 | O6: 0 | Q6: =Q5+1 -> 2 | R6: 0 | T6: =T5+1 -> 2 | U6: 0 | W6: =W5+1 -> 2 | X6: 0 | Z6: =Z5+1 -> 2 | AA6: 0 | AC6: =AC5+1 -> 2 | AD6: 0 | AF6: =AF5+1 -> 2 | AG6: 0 | AI6: =AI5+1 -> 2 | AJ6: 0 | AL6: =AL5+1 -> 2 | AM6: 0
B7: =B6+1 -> 6 | C7: 4 | E7: =E6+1 -> 9 | F7: 28 | H7: 7 | I7: 2 | K7: =K6+1 -> 3 | L7: 0 | N7: =N6+1 -> 3 | O7: 1 | Q7: =Q6+1 -> 3 | R7: 0 | T7: =T6+1 -> 3 | U7: 0 | W7: =W6+1 -> 3 | X7: 0 | Z7: =Z6+1 -> 3 | AA7: 0 | AC7: =AC6+1 -> 3 | AD7: 0 | AF7: =AF6+1 -> 3 | AG7: 0 | AI7: =AI6+1 -> 3 | AJ7: 0 | AL7: =AL6+1 -> 3 | AM7: 0
B8: =B7+1 -> 7 | C8: 5 | E8: =E7+1 -> 10 | F8: 31 | H8: 8 | I8: 2 | K8: =K7+1 -> 4 | L8: 0 | N8: =N7+1 -> 4 | O8: 1 | Q8: =Q7+1 -> 4 | R8: 0 | T8: =T7+1 -> 4 | U8: 0 | W8: =W7+1 -> 4 | X8: 0 | Z8: =Z7+1 -> 4 | AA8: 0 | AC8: =AC7+1 -> 4 | AD8: 0 | AF8: =AF7+1 -> 4 | AG8: 0 | AI8: =AI7+1 -> 4 | AJ8: 0 | AL8: =AL7+1 -> 4 | AM8: 0
B9: =B8+1 -> 8 | C9: 6 | E9: =E8+1 -> 11 | F9: 34 | H9: 9 | I9: 3 | K9: =K8+1 -> 5 | L9: 0 | N9: =N8+1 -> 5 | O9: 2 | Q9: =Q8+1 -> 5 | R9: 0 | T9: =T8+1 -> 5 | U9: 2 | W9: =W8+1 -> 5 | X9: 0 | Z9: =Z8+1 -> 5 | AA9: 2 | AC9: =AC8+1 -> 5 | AD9: 0 | AF9: =AF8+1 -> 5 | AG9: 0 | AI9: =AI8+1 -> 5 | AJ9: 0 | AL9: =AL8+1 -> 5 | AM9: 2
B10: =B9+1 -> 9 | C10: 6 | E10: =E9+1 -> 12 | F10: 35 | H10: 10 | I10: 3 | K10: =K9+1 -> 6 | L10: 0 | N10: =N9+1 -> 6 | O10: 2 | Q10: =Q9+1 -> 6 | R10: 1 | T10: =T9+1 -> 6 | U10: 3 | W10: =W9+1 -> 6 | X10: 1 | Z10: =Z9+1 -> 6 | AA10: 3 | AC10: =AC9+1 -> 6 | AD10: 0 | AF10: =AF9+1 -> 6 | AG10: 1 | AI10: =AI9+1 -> 6 | AJ10: 0 | AL10: =AL9+1 -> 6 | AM10: 4
B11: =B10+1 -> 10 | C11: 6 | E11: =E10+1 -> 13 | F11: 36 | H11: 11 | I11: 4 | K11: =K10+1 -> 7 | L11: 0 | N11: =N10+1 -> 7 | O11: 3 | Q11: =Q10+1 -> 7 | R11: 1 | T11: =T10+1 -> 7 | U11: 4 | W11: =W10+1 -> 7 | X11: 2 | Z11: =Z10+1 -> 7 | AA11: 4 | AC11: =AC10+1 -> 7 | AD11: 0 | AF11: =AF10+1 -> 7 | AG11: 1 | AI11: =AI10+1 -> 7 | AJ11: 0 | AL11: =AL10+1 -> 7 | AM11: 5
B12: =B11+1 -> 11 | C12: 7 | E12: =E11+1 -> 14 | F12: 37 | H12: 12 | I12: 4 | K12: =K11+1 -> 8 | L12: 0 | N12: =N11+1 -> 8 | O12: 4 | Q12: =Q11+1 -> 8 | R12: 2 | T12: =T11+1 -> 8 | U12: 5 | W12: =W11+1 -> 8 | X12: 2 | Z12: =Z11+1 -> 8 | AA12: 4 | AC12: =AC11+1 -> 8 | AD12: 0 | AF12: =AF11+1 -> 8 | AG12: 2 | AI12: =AI11+1 -> 8 | AJ12: 0 | AL12: =AL11+1 -> 8 | AM12: 6
B13: =B12+1 -> 12 | C13: 7 | E13: =E12+1 -> 15 | F13: 40 | H13: 13 | I13: 5 | K13: =K12+1 -> 9 | L13: 0 | N13: =N12+1 -> 9 | O13: 9 | Q13: =Q12+1 -> 9 | R13: 3 | T13: =T12+1 -> 9 | U13: 5 | W13: =W12+1 -> 9 | X13: 3 | Z13: =Z12+1 -> 9 | AA13: 5 | AC13: =AC12+1 -> 9 | AD13: 0 | AF13: =AF12+1 -> 9 | AG13: 2 | AI13: =AI12+1 -> 9 | AJ13: 0 | AL13: =AL12+1 -> 9 | AM13: 7
B14: =B13+1 -> 13 | C14: 8 | E14: =E13+1 -> 16 | F14: 42 | H14: 14 | I14: 5 | K14: =K13+1 -> 10 | L14: 0 | N14: =N13+1 -> 10 | O14: 6 | Q14: =Q13+1 -> 10 | R14: 3 | T14: =T13+1 -> 10 | U14: 6 | W14: =W13+1 -> 10 | X14: 3 | Z14: =Z13+1 -> 10 | AA14: 5 | AC14: =AC13+1 -> 10 | AD14: 0 | AF14: =AF13+1 -> 10 | AG14: 3 | AI14: =AI13+1 -> 10 | AJ14: 0 | AL14: =AL13+1 -> 10 | AM14: 9
B15: =B14+1 -> 14 | C15: 8 | E15: =E14+1 -> 17 | F15: 43 | H15: 15 | I15: 6 | K15: =K14+1 -> 11 | L15: 0 | N15: =N14+1 -> 11 | O15: 7 | Q15: =Q14+1 -> 11 | R15: 4 | T15: =T14+1 -> 11 | U15: 7 | W15: =W14+1 -> 11 | X15: 3 | Z15: =Z14+1 -> 11 | AA15: 6 | AC15: =AC14+1 -> 11 | AD15: 0 | AF15: =AF14+1 -> 11 | AG15: 3 | AI15: =AI14+1 -> 11 | AJ15: 0 | AL15: =AL14+1 -> 11 | AM15: 11
B16: =B15+1 -> 15 | C16: 9 | E16: =E15+1 -> 18 | F16: 45 | H16: 16 | I16: 7 | K16: =K15+1 -> 12 | L16: 0 | N16: =N15+1 -> 12 | O16: 8 | Q16: =Q15+1 -> 12 | R16: 5 | T16: =T15+1 -> 12 | U16: 8 | W16: =W15+1 -> 12 | X16: 4 | Z16: =Z15+1 -> 12 | AA16: 6 | AC16: =AC15+1 -> 12 | AD16: 0 | AF16: =AF15+1 -> 12 | AG16: 4 | AI16: =AI15+1 -> 12 | AJ16: 24 | AL16: =AL15+1 -> 12 | AM16: 13
... B40: =B39+1 -> 39 | C40: 28 | E40: =E39+1 -> 42 | F40: 85 | H40: 40 | I40: 24 | K40: =K39+1 -> 36 | L40: 52 | N40: =N39+1 -> 36 | O40: 28 | Q40: =Q39+1 -> 36 | R40: 35 | T40: =T39+1 -> 36 | U40: 28 | W40: =W39+1 -> 36 | X40: 10 | Z40: =Z39+1 -> 36 | AA40: 36 | AC40: =AC39+1 -> 36 | AD40: 70 | AF40: =AF39+1 -> 36 | AG40: 28 | AI40: =AI39+1 -> 36 | AJ40: 58 | AL40: =AL39+1 -> 36 | AM40: 45
B41: =B40+1 -> 40 | C41: 29 | E41: =E40+1 -> 43 | F41: 88 | H41: 41 | I41: 25 | K41: =K40+1 -> 37 | L41: 54 | N41: =N40+1 -> 37 | O41: 29 | Q41: =Q40+1 -> 37 | R41: 36 | T41: =T40+1 -> 37 | U41: 29 | W41: =W40+1 -> 37 | X41: 11 | Z41: =Z40+1 -> 37 | AA41: 37 | AC41: =AC40+1 -> 37 | AD41: 71 | AF41: =AF40+1 -> 37 | AG41: 30 | AL41: =AL40+1 -> 37 | AM41: 46
B42: =B41+1 -> 41 | C42: 30 | E42: =E41+1 -> 44 | F42: 91 | H42: 42 | I42: 27 | K42: =K41+1 -> 38 | L42: 55 | N42: =N41+1 -> 38 | O42: 29 | Q42: =Q41+1 -> 38 | R42: 37 | T42: =T41+1 -> 38 | U42: 30 | W42: =W41+1 -> 38 | X42: 11 | Z42: =Z41+1 -> 38 | AA42: 40 | AC42: =AC41+1 -> 38 | AD42: 73 | AF42: =AF41+1 -> 38 | AG42: 31 | AL42: =AL41+1 -> 38 | AM42: 47
B43: =B42+1 -> 42 | C43: 31 | E43: =E42+1 -> 45 | F43: 95 | H43: 43 | I43: 28 | K43: =K42+1 -> 39 | L43: 58 | N43: =N42+1 -> 39 | O43: 30 | Q43: =Q42+1 -> 39 | R43: 37 | T43: =T42+1 -> 39 | U43: 31 | W43: =W42+1 -> 39 | X43: 11 | Z43: =Z42+1 -> 39 | AA43: 41 | AC43: =AC42+1 -> 39 | AD43: 76 | AF43: =AF42+1 -> 39 | AG43: 32 | AL43: =AL42+1 -> 39 | AM43: 48
B44: =B43+1 -> 43 | C44: 31 | E44: =E43+1 -> 46 | F44: 95 | H44: 44 | I44: 29 | K44: =K43+1 -> 40 | L44: 61 | N44: =N43+1 -> 40 | O44: 31 | Q44: =Q43+1 -> 40 | R44: 38 | T44: =T43+1 -> 40 | U44: 32 | W44: =W43+1 -> 40 | X44: 12 | Z44: =Z43+1 -> 40 | AA44: 42 | AC44: =AC43+1 -> 40 | AD44: 79 | AF44: =AF43+1 -> 40 | AG44: 34 | AL44: =AL43+1 -> 40 | AM44: 49
B45: =B44+1 -> 44 | C45: 32 | E45: =E44+1 -> 47 | F45: 95 | H45: 45 | I45: 30 | K45: =K44+1 -> 41 | L45: 64 | N45: =N44+1 -> 41 | O45: 31 | Q45: =Q44+1 -> 41 | R45: 40 | T45: =T44+1 -> 41 | U45: 33 | W45: =W44+1 -> 41 | X45: 12 | Z45: =Z44+1 -> 41 | AA45: 43 | AC45: =AC44+1 -> 41 | AD45: 82 | AF45: =AF44+1 -> 41 | AG45: 35 | AL45: =AL44+1 -> 41 | AM45: 49
B46: =B45+1 -> 45 | C46: 33 | E46: =E45+1 -> 48 | F46: 95 | H46: 46 | I46: 31 | K46: =K45+1 -> 42 | L46: 67 | N46: =N45+1 -> 42 | O46: 31 | Q46: =Q45+1 -> 42 | R46: 41 | T46: =T45+1 -> 42 | U46: 34 | W46: =W45+1 -> 42 | X46: 12 | Z46: =Z45+1 -> 42 | AA46: 44 | AC46: =AC45+1 -> 42 | AD46: 85 | AF46: =AF45+1 -> 42 | AG46: 36 | AL46: =AL45+1 -> 42 | AM46: 50
B47: =B46+1 -> 46 | C47: 34 | E47: =E46+1 -> 49 | F47: 95 | H47: 47 | I47: 34 | K47: =K46+1 -> 43 | L47: 71 | N47: =N46+1 -> 43 | O47: 32 | Q47: =Q46+1 -> 43 | R47: 42 | T47: =T46+1 -> 43 | U47: 34 | W47: =W46+1 -> 43 | X47: 13 | Z47: =Z46+1 -> 43 | AA47: 46 | AC47: =AC46+1 -> 43 | AD47: 91 | AF47: =AF46+1 -> 43 | AG47: 37 | AL47: =AL46+1 -> 43 | AM47: 51
B48: =B47+1 -> 47 | C48: 34 | E48: =E47+1 -> 50 | F48: 95 | H48: 48 | I48: 37 | K48: =K47+1 -> 44 | L48: 71 | N48: =N47+1 -> 44 | O48: 32 | Q48: =Q47+1 -> 44 | R48: 43 | T48: =T47+1 -> 44 | U48: 35 | W48: =W47+1 -> 44 | X48: 13 | Z48: =Z47+1 -> 44 | AA48: 47 | AC48: =AC47+1 -> 44 | AD48: 95 | AF48: =AF47+1 -> 44 | AG48: 40 | AL48: =AL47+1 -> 44 | AM48: 52
B49: =B48+1 -> 48 | C49: 35 | E49: =E48+1 -> 51 | F49: 95 | H49: 49 | I49: 40 | K49: =K48+1 -> 45 | L49: 71 | N49: =N48+1 -> 45 | O49: 33 | Q49: =Q48+1 -> 45 | R49: 43 | T49: =T48+1 -> 45 | U49: 36 | W49: =W48+1 -> 45 | X49: 13 | Z49: =Z48+1 -> 45 | AA49: 48 | AC49: =AC48+1 -> 45 | AD49: 95 | AF49: =AF48+1 -> 45 | AG49: 41 | AL49: =AL48+1 -> 45 | AM49: 52
B50: =B49+1 -> 49 | C50: 36 | E50: =E49+1 -> 52 | F50: 95 | H50: 50 | I50: 41 | K50: =K49+1 -> 46 | L50: 71 | N50: =N49+1 -> 46 | O50: 34 | Q50: =Q49+1 -> 46 | R50: 44 | T50: =T49+1 -> 46 | U50: 37 | W50: =W49+1 -> 46 | X50: 14 | Z50: =Z49+1 -> 46 | AA50: 49 | AC50: =AC49+1 -> 46 | AD50: 95 | AF50: =AF49+1 -> 46 | AG50: 43 | AL50: =AL49+1 -> 46 | AM50: 53
B51: =B50+1 -> 50 | C51: 37 | E51: =E50+1 -> 53 | F51: 95 | H51: 51 | I51: 43 | K51: =K50+1 -> 47 | L51: 71 | N51: =N50+1 -> 47 | O51: 34 | Q51: =Q50+1 -> 47 | R51: 45 | T51: =T50+1 -> 47 | U51: 38 | W51: =W50+1 -> 47 | X51: 14 | Z51: =Z50+1 -> 47 | AA51: 50 | AC51: =AC50+1 -> 47 | AD51: 95 | AF51: =AF50+1 -> 47 | AG51: 46 | AL51: =AL50+1 -> 47 | AM51: 54
B52: =B51+1 -> 51 | C52: 37 | E52: =E51+1 -> 54 | F52: 95 | H52: 52 | I52: 46 | K52: =K51+1 -> 48 | L52: 71 | N52: =N51+1 -> 48 | O52: 35 | Q52: =Q51+1 -> 48 | R52: 46 | T52: =T51+1 -> 48 | U52: 39 | W52: =W51+1 -> 48 | X52: 15 | Z52: =Z51+1 -> 48 | AA52: 52 | AC52: =AC51+1 -> 48 | AD52: 95 | AF52: =AF51+1 -> 48 | AG52: 47 | AL52: =AL51+1 -> 48 | AM52: 55
B53: =B52+1 -> 52 | C53: 38 | H53: 53 | I53: 49 | K53: =K52+1 -> 49 | L53: 71 | N53: =N52+1 -> 49 | O53: 35 | Q53: =Q52+1 -> 49 | R53: 47 | T53: =T52+1 -> 49 | U53: 40 | W53: =W52+1 -> 49 | X53: 15 | Z53: =Z52+1 -> 49 | AA53: 53 | AC53: =AC52+1 -> 49 | AD53: 95 | AF53: =AF52+1 -> 49 | AG53: 49
B54: =B53+1 -> 53 | C54: 40 | H54: 54 | I54: 55 | K54: =K53+1 -> 50 | L54: 71 | N54: =N53+1 -> 50 | O54: 36 | Q54: =Q53+1 -> 50 | R54: 48 | T54: =T53+1 -> 50 | U54: 42 | W54: =W53+1 -> 50 | X54: 16 | Z54: =Z53+1 -> 50 | AA54: 55 | AC54: =AC53+1 -> 50 | AD54: 95 | AF54: =AF53+1 -> 50 | AG54: 52
B55: =B54+1 -> 54 | C55: 41 | H55: 55 | I55: 61 | N55: =N54+1 -> 51 | O55: 37 | Q55: =Q54+1 -> 51 | R55: 49 | T55: =T54+1 -> 51 | U55: 43 | W55: =W54+1 -> 51 | X55: 16 | Z55: =Z54+1 -> 51 | AA55: 56 | AF55: =AF54+1 -> 51 | AG55: 55
B56: =B55+1 -> 55 | C56: 42 | H56: 56 | I56: 67 | N56: =N55+1 -> 52 | O56: 37 | Q56: =Q55+1 -> 52 | R56: 51 | T56: =T55+1 -> 52 | U56: 44 | W56: =W55+1 -> 52 | X56: 17 | Z56: =Z55+1 -> 52 | AA56: 58 | AF56: =AF55+1 -> 52 | AG56: 61
B57: =B56+1 -> 56 | C57: 43 | H57: 57 | I57: 71 | N57: =N56+1 -> 53 | O57: 39 | T57: =T56+1 -> 53 | U57: 45 | W57: =W56+1 -> 53 | X57: 18 | Z57: =Z56+1 -> 53 | AA57: 59 | AF57: =AF56+1 -> 53 | AG57: 64
B58: =B57+1 -> 57 | C58: 44 | H58: 58 | I58: 71 | N58: =N57+1 -> 54 | O58: 40 | T58: =T57+1 -> 54 | U58: 46 | W58: =W57+1 -> 54 | X58: 54 | Z58: =Z57+1 -> 54 | AA58: 61 | AF58: =AF57+1 -> 54 | AG58: 67
B59: =B58+1 -> 58 | C59: 46 | H59: 59 | I59: 71 | N59: =N58+1 -> 55 | O59: 41 | T59: 55 | U59: 47 | W59: =W58+1 -> 55 | X59: 21 | Z59: =Z58+1 -> 55 | AA59: 64 | AF59: =AF58+1 -> 55 | AG59: 71
B60: =B59+1 -> 59 | C60: 49 | H60: 60 | I60: 71 | N60: =N59+1 -> 56 | O60: 42 | T60: 56 | U60: 48 | W60: =W59+1 -> 56 | X60: 22 | Z60: =Z59+1 -> 56 | AA60: 67 | AF60: =AF59+1 -> 56 | AG60: 71
B61: =B60+1 -> 60 | C61: 52 | N61: =N60+1 -> 57 | O61: 43 | T61: 57 | U61: 49 | W61: =W60+1 -> 57 | X61: 23 | Z61: =Z60+1 -> 57 | AA61: 71 | AF61: =AF60+1 -> 57 | AG61: 71
B62: =B61+1 -> 61 | C62: 55 | N62: =N61+1 -> 58 | O62: 44 | T62: 58 | U62: 50 | W62: =W61+1 -> 58 | X62: 24 | Z62: =Z61+1 -> 58 | AA62: 71 | AF62: =AF61+1 -> 58 | AG62: 71
B63: =B62+1 -> 62 | C63: 61 | N63: =N62+1 -> 59 | O63: 45 | T63: 59 | U63: 51 | W63: =W62+1 -> 59 | X63: 25 | Z63: =Z62+1 -> 59 | AA63: 71 | AF63: =AF62+1 -> 59 | AG63: 71
B64: =B63+1 -> 63 | C64: 64 | N64: =N63+1 -> 60 | O64: 46 | T64: 60 | U64: 52 | W64: =W63+1 -> 60 | X64: 27 | Z64: =Z63+1 -> 60 | AA64: 71 | AF64: =AF63+1 -> 60 | AG64: 71
B65: =B64+1 -> 64 | C65: 67 | N65: =N64+1 -> 61 | O65: 48 | T65: 61 | U65: 54 | W65: =W64+1 -> 61 | X65: 28
B66: =B65+1 -> 65 | C66: 71 | N66: =N65+1 -> 62 | O66: 49 | T66: 62 | U66: 55 | W66: =W65+1 -> 62 | X66: 30
B67: =B66+1 -> 66 | C67: 71 | N67: =N66+1 -> 63 | O67: 52 | T67: 63 | U67: 58 | W67: =W66+1 -> 63 | X67: 31
B68: =B67+1 -> 67 | C68: 71 | N68: =N67+1 -> 64 | O68: 54 | T68: 64 | U68: 59 | W68: =W67+1 -> 64 | X68: 32
B69: =B68+1 -> 68 | C69: 71 | N69: =N68+1 -> 65 | O69: 55 | T69: 65 | U69: 60 | W69: =W68+1 -> 65 | X69: 33
B70: =B69+1 -> 69 | C70: 71 | N70: =N69+1 -> 66 | O70: 56 | W70: =W69+1 -> 66 | X70: 34
B71: =B70+1 -> 70 | C71: 71 | N71: =N70+1 -> 67 | O71: 58 | W71: =W70+1 -> 67 | X71: 35
B72: =B71+1 -> 71 | C72: 71 | N72: =N71+1 -> 68 | O72: 59 | W72: =W71+1 -> 68 | X72: 36
B73: =B72+1 -> 72 | C73: 71 | N73: =N72+1 -> 69 | O73: 60 | W73: =W72+1 -> 69 | X73: 37
B74: =B73+1 -> 73 | C74: 71 | N74: =N73+1 -> 70 | O74: 61 | W74: =W73+1 -> 70 | X74: 39
B75: =B74+1 -> 74 | C75: 71 | N75: =N74+1 -> 71 | O75: 64 | W75: =W74+1 -> 71 | X75: 40
N76: =N75+1 -> 72 | O76: 61 | W76: =W75+1 -> 72 | X76: 41
N77: =N76+1 -> 73 | O77: 62 | W77: =W76+1 -> 73 | X77: 43
N78: =N77+1 -> 74 | O78: 68 | W78: =W77+1 -> 74 | X78: 46
N79: =N78+1 -> 75 | O79: 70 | W79: =W78+1 -> 75 | X79: 47
N80: =N79+1 -> 76 | O80: 70 | W80: =W79+1 -> 76 | X80: 49
N81: =N80+1 -> 77 | O81: 71 | W81: =W80+1 -> 77 | X81: 52
N82: =N81+1 -> 78 | O82: 72 | W82: =W81+1 -> 78 | X82: 55
N83: =N82+1 -> 79 | O83: 73 | W83: =W82+1 -> 79 | X83: 58
N84: =N83+1 -> 80 | O84: 74 | W84: =W83+1 -> 80 | X84: 59
N85: =N84+1 -> 81 | O85: 76 | W85: =W84+1 -> 81 | X85: 60
N86: =N85+1 -> 82 | O86: 79 | W86: =W85+1 -> 82 | X86: 61
N87: =N86+1 -> 83 | O87: 85 | W87: =W86+1 -> 83 | X87: 64
... N92: =N91+1 -> 88 | O92: 95 | W92: =W91+1 -> 88 | X92: 71
W93: =W92+1 -> 89 | X93: 71
W94: =W93+1 -> 90 | X94: 71
W95: =W94+1 -> 91 | X95: 71
W96: =W95+1 -> 92 | X96: 71

Sheet Scaled Scores
A1: Scaled Scores - Adaptive - Self-Care
D3: Self Care (SC) | H3: Personal Responsibility | L3: Adult Interaction | P3: Peer Interaction | T3: Self Concept - Social Role | X3: Receptive Communication | AB3: Expressive Communication | AF3: Gross Motor | AJ3: Fine Motor | AN3: Perceptiual Motor | AR3: Attention and Memory | AV3: Reasoning and Academic Skills | AZ3: Perception and Concepts
D4: Score | E4: Index | F4: Sscore | G4: Pct'tile | H4: Score | I4: Ind | J4: Sscore | K4: Pct'tile | L4: Score | M4: Index | N4: Sscore | O4: Pct'tile | P4: Score | Q4: Ind | R4: Sscore | S4: Pct'tile | T4: Score | U4: Ind | V4: Sscore | W4: Pct'tile | X4: Score | Y4: Ind | Z4: Sscore | AA4: Pct'tile | AB4: Score | AC4: Ind | AD4: Sscore | AE4: Pct'tile | AF4: Score | AG4: Ind | AH4: Sscore | AI4: Pct'tile | AJ4: Score | AK4: Ind | AL4: Sscore | AM4: Pct'tile | AN4: Score | AO4: Ind | AP4: Sscore | AQ4: Pct'tile | AR4: Score | AS4: Ind | AT4: Sscore | AU4: Pct'tile | AV4: Score | AW4: Ind | AX4: Sscore | AY4: Pct'tile | AZ4: Score | BA4: Ind | BB4: Sscore | BC4: Pct'tile
D5: =Summary!L8+0.01*Summary!D5 -> 36.25 | E5: 1 | F5: 2 | G5: <1 | H5: =Summary!L8+0.01*Summary!D6 -> 36.16 | I5: 24 | J5: 1 | K5: <1 | L5: =Summary!L8+0.01*Summary!D9 -> 36.16 | M5: 1 | N5: 2 | O5: <1 | P5: =Summary!L8+0.01*Summary!D10 -> 36.06 | Q5: 24 | R5: 1 | S5: <1 | T5: =Summary!L8+0.01*Summary!D11 -> 36 | U5: 1 | V5: 2 | W5: <1 | X5: =Summary!L8+0.01*Summary!D14 -> 36.1 | Y5: 1 | Z5: 2 | AA5: <1 | AB5: =Summary!L8+0.01*Summary!D15 -> 36.14 | AC5: 1 | AD5: 2 | AE5: <1 | AF5: =Summary!L8+0.01*Summary!D18 -> 36.3 | AG5: 1 | AH5: 2 | AI5: <1 | AJ5: =Summary!L8+0.01*Summary!D19 -> 36.28 | AK5: 1 | AL5: 2 | AM5: <1 | AN5: =Summary!L8+0.01*Summary!D20 -> 36.12 | AO5: 24 | AP5: 1 | AQ5: <1 | AR5: =Summary!L8+0.01*Summary!D23 -> 36.28 | AS5: 1 | AT5: 2 | AU5: <1 | AV5: =Summary!L8+0.01*Summary!D24 -> 36.16 | AW5: 24 | AX5: 1 | AY5: <1 | AZ5: =Summary!L8+0.01*Summary!D25 -> 36.1 | BA5: 1 | BB5: 2 | BC5: <1
E6: 1.01 | F6: 4 | G6: 2 | I6: 24.01 | J6: 3 | K6: 1 | M6: 1.01 | N6: 4 | O6: 2 | Q6: 24.01 | R6: 2 | S6: <1 | U6: 1.01 | V6: 4 | W6: 2 | Y6: 1.01 | Z6: 4 | AA6: 2 | AC6: 1.01 | AD6: 4 | AE6: 2 | AG6: 1.01 | AH6: 4 | AI6: 2 | AK6: 1.01 | AL6: 4 | AM6: 2 | AO6: 24.06 | AP6: 2 | AQ6: <1 | AS6: 1.01 | AT6: 4 | AU6: 2 | AW6: 24.02 | AX6: 2 | AY6: <1 | BA6: 1.01 | BB6: 4 | BC6: 2
E7: 1.02 | F7: 6 | G7: 9 | I7: 24.02 | J7: 4 | K7: 2 | M7: 1.02 | N7: 6 | O7: 9 | Q7: 24.02 | R7: 3 | S7: 1 | U7: 1.02 | V7: 6 | W7: 9 | Y7: 1.02 | Z7: 6 | AA7: 9 | AC7: 1.02 | AD7: 6 | AE7: 9 | AG7: 1.02 | AH7: 6 | AI7: 9 | AK7: 1.02 | AL7: 6 | AM7: 9 | AO7: 24.08 | AP7: 3 | AQ7: 1 | AS7: 1.02 | AT7: 6 | AU7: 9 | AW7: 24.03 | AX7: 3 | AY7: 1 | BA7: 1.02 | BB7: 6 | BC7: 9
E8: 1.03 | F8: 8 | G8: 25 | I8: 24.03 | J8: 5 | K8: 5 | M8: 1.03 | N8: 7 | O8: 16 | Q8: 24.03 | R8: 4 | S8: 2 | U8: 1.03 | V8: 8 | W8: 25 | Y8: 1.03 | Z8: 7 | AA8: 16 | AC8: 1.03 | AD8: 8 | AE8: 25 | AG8: 1.03 | AH8: 8 | AI8: 25 | AK8: 1.03 | AL8: 8 | AM8: 25 | AO8: 24.09 | AP8: 4 | AQ8: 2 | AS8: 1.03 | AT8: 7 | AU8: 16 | AW8: 24.04 | AX8: 4 | AY8: 2 | BA8: 1.03 | BB8: 8 | BC8: 25
E9: 1.04 | F9: 10 | G9: 50 | I9: 24.04 | J9: 6 | K9: 9 | M9: 1.04 | N9: 8 | O9: 25 | Q9: 24.04 | R9: 5 | S9: 5 | U9: 1.04 | V9: 10 | W9: 50 | Y9: 1.04 | Z9: 8 | AA9: 25 | AC9: 1.04 | AD9: 10 | AE9: 50 | AG9: 1.04 | AH9: 9 | AI9: 37 | AK9: 1.04 | AL9: 10 | AM9: 50 | AO9: 24.1 | AP9: 5 | AQ9: 5 | AS9: 1.04 | AT9: 8 | AU9: 25 | AW9: 24.05 | AX9: 5 | AY9: 5 | BA9: 1.04 | BB9: 10 | BC9: 50
E10: 1.05 | F10: 11 | G10: 63 | I10: 24.05 | J10: 7 | K10: 16 | M10: 1.05 | N10: 9 | O10: 37 | Q10: 24.06 | R10: 6 | S10: 9 | U10: 1.05 | V10: 11 | W10: 63 | Y10: 1.05 | Z10: 9 | AA10: 37 | AC10: 1.05 | AD10: 11 | AE10: 63 | AG10: 1.05 | AH10: 10 | AI10: 50 | AK10: 1.05 | AL10: 12 | AM10: 75 | AO10: 24.11 | AP10: 6 | AQ10: 9 | AS10: 1.05 | AT10: 9 | AU10: 37 | AW10: 24.06 | AX10: 6 | AY10: 9 | BA10: 1.05 | BB10: 11 | BC10: 63
E11: 1.06 | F11: 12 | G11: 75 | I11: 24.06 | J11: 8 | K11: 25 | M11: 1.06 | N11: 10 | O11: 50 | Q11: 24.08 | R11: 7 | S11: 16 | U11: 1.06 | V11: 12 | W11: 75 | Y11: 1.06 | Z11: 10 | AA11: 50 | AC11: 1.06 | AD11: 12 | AE11: 75 | AG11: 1.06 | AH11: 11 | AI11: 63 | AK11: 1.06 | AL11: 13 | AM11: 85 | AO11: 24.12 | AP11: 7 | AQ11: 16 | AS11: 1.06 | AT11: 10 | AU11: 50 | AW11: 24.07 | AX11: 7 | AY11: 16 | BA11: 1.06 | BB11: 12 | BC11: 75
E12: 1.07 | F12: 13 | G12: 84 | I12: 24.07 | J12: 9 | K12: 37 | M12: 1.07 | N12: 11 | O12: 63 | Q12: 24.1 | R12: 8 | S12: 25 | U12: 1.07 | V12: 13 | W12: 85 | Y12: 1.08 | Z12: 11 | AA12: 63 | AC12: 1.07 | AD12: 13 | AE12: 85 | AG12: 1.07 | AH12: 12 | AI12: 75 | AK12: 1.07 | AL12: 14 | AM12: 91 | AO12: 24.13 | AP12: 8 | AQ12: 25 | AS12: 1.07 | AT12: 11 | AU12: 63 | AW12: 24.09 | AX12: 8 | AY12: 25 | BA12: 1.07 | BB12: 13 | BC12: 85
E13: 1.08 | F13: 14 | G13: 91 | I13: 24.08 | J13: 10 | K13: 50 | M13: 1.08 | N13: 12 | O13: 75 | Q13: 24.13 | R13: 9 | S13: 37 | U13: 1.08 | V13: 14 | W13: 91 | Y13: 1.09 | Z13: 12 | AA13: 75 | AC13: 1.08 | AD13: 14 | AE13: 91 | AG13: 1.09 | AH13: 13 | AI13: 85 | AK13: 1.08 | AL13: 15 | AM13: 95 | AO13: 24.14 | AP13: 9 | AQ13: 37 | AS13: 1.08 | AT13: 12 | AU13: 75 | AW13: 24.11 | AX13: 9 | AY13: 37 | BA13: 1.08 | BB13: 15 | BC13: 95
E14: 1.09 | F14: 15 | G14: 95 | I14: 24.09 | J14: 11 | K14: 63 | M14: 1.1 | N14: 13 | O14: 85 | Q14: 24.15 | R14: 10 | S14: 50 | U14: 1.09 | V14: 15 | W14: 95 | Y14: 1.1 | Z14: 13 | AA14: 85 | AC14: 1.09 | AD14: 15 | AE14: 95 | AG14: 1.1 | AH14: 14 | AI14: 91 | AK14: 1.09 | AL14: 16 | AM14: 98 | AO14: 24.15 | AP14: 10 | AQ14: 50 | AS14: 1.1 | AT14: 13 | AU14: 85 | AW14: 24.12 | AX14: 10 | AY14: 50 | BA14: 1.09 | BB14: 17 | BC14: 99
E15: 1.1 | F15: 16 | G15: 98 | I15: 24.1 | J15: 12 | K15: 75 | M15: 1.11 | N15: 14 | O15: 91 | Q15: 24.17 | R15: 11 | S15: 63 | U15: 1.1 | V15: 16 | W15: 98 | Y15: 1.11 | Z15: 14 | AA15: 91 | AC15: 1.1 | AD15: 16 | AE15: 98 | AG15: 1.11 | AH15: 15 | AI15: 95 | AK15: 1.1 | AL15: 17 | AM15: 99 | AO15: 24.16 | AP15: 11 | AQ15: 63 | AS15: 1.11 | AT15: 14 | AU15: 91 | AW15: 24.14 | AX15: 11 | AY15: 63 | BA15: 1.1 | BB15: 18 | BC15: >99
E16: 1.11 | F16: 17 | G16: 99 | I16: 24.11 | J16: 13 | K16: 85 | M16: 1.12 | N16: 15 | O16: 95 | Q16: 24.2 | R16: 12 | S16: 75 | U16: 1.11 | V16: 17 | W16: 99 | Y16: 1.12 | Z16: 15 | AA16: 95 | AC16: 1.11 | AD16: 17 | AE16: 99 | AG16: 1.13 | AH16: 16 | AI16: 98 | AK16: 1.11 | AL16: 18 | AM16: >99 | AO16: 24.17 | AP16: 12 | AQ16: 75 | AS16: 1.13 | AT16: 15 | AU16: 95 | AW16: 24.15 | AX16: 12 | AY16: 75 | BA16: 1.11 | BB16: 19 | BC16: >99
E17: 1.12 | F17: 18 | G17: >99 | I17: 24.12 | J17: 14 | K17: 91 | M17: 1.13 | N17: 16 | O17: 98 | Q17: 24.22 | R17: 13 | S17: 85 | U17: 1.12 | V17: 18 | W17: >99 | Y17: 1.14 | Z17: 16 | AA17: 98 | AC17: 1.12 | AD17: 18 | AE17: >99 | AG17: 1.14 | AH17: 17 | AI17: 99 | AK17: 1.12 | AL17: 19 | AM17: >99 | AO17: 24.18 | AP17: 13 | AQ17: 85 | AS17: 1.14 | AT17: 16 | AU17: 98 | AW17: 24.17 | AX17: 13 | AY17: 85 | BA17: 2 | BB17: 2 | BC17: <1
E18: 1.13 | F18: 19 | G18: >99 | I18: 24.14 | J18: 15 | K18: 95 | M18: 1.14 | N18: 17 | O18: 99 | Q18: 24.24 | R18: 14 | S18: 91 | U18: 1.14 | V18: 19 | W18: >99 | Y18: 1.15 | Z18: 17 | AA18: 99 | AC18: 1.14 | AD18: 19 | AE18: >99 | AG18: 1.15 | AH18: 18 | AI18: >99 | AK18: 2 | AL18: 2 | AM18: <1 | AO18: 24.19 | AP18: 14 | AQ18: 91 | AS18: 1.16 | AT18: 17 | AU18: 99 | AW18: 24.18 | AX18: 14 | AY18: 91 | BA18: 2.01 | BB18: 4 | BC18: 2
E19: 2 | F19: 2 | G19: <1 | I19: 24.15 | J19: 16 | K19: 98 | M19: 1.15 | N19: 18 | O19: >99 | Q19: 24.27 | R19: 15 | S19: 95 | U19: 2 | V19: 2 | W19: <1 | Y19: 1.16 | Z19: 18 | AA19: >99 | AC19: 2 | AD19: 2 | AE19: <1 | AG19: 1.19 | AH19: 19 | AI19: >99 | AK19: 2.01 | AL19: 3 | AM19: 1 | AO19: 24.2 | AP19: 15 | AQ19: 95 | AS19: 1.17 | AT19: 18 | AU19: >99 | AW19: 24.2 | AX19: 15 | AY19: 95 | BA19: 2.02 | BB19: 6 | BC19: 9
E20: 2.01 | F20: 4 | G20: 2 | I20: 24.16 | J20: 17 | K20: 99 | M20: 1.18 | N20: 19 | O20: >99 | Q20: 24.29 | R20: 16 | S20: 98 | U20: 2.01 | V20: 3 | W20: 1 | Y20: 1.17 | Z20: 19 | AA20: >99 | AC20: 2.01 | AD20: 4 | AE20: 2 | AG20: 2 | AH20: 2 | AI20: <1 | AK20: 2.02 | AL20: 5 | AM20: 5 | AO20: 24.21 | AP20: 16 | AQ20: 98 | AS20: 1.21 | AT20: 19 | AU20: >99 | AW20: 24.21 | AX20: 16 | AY20: 98 | BA20: 2.03 | BB20: 8 | BC20: 25
E21: 2.02 | F21: 6 | G21: 9 | I21: 24.18 | J21: 18 | K21: >99 | M21: 2 | N21: 2 | O21: <1 | Q21: 24.31 | R21: 17 | S21: 99 | U21: 2.02 | V21: 5 | W21: 5 | Y21: 2 | Z21: 2 | AA21: <1 | AC21: 2.02 | AD21: 6 | AE21: 9 | AG21: 2.01 | AH21: 3 | AI21: 1 | AK21: 2.03 | AL21: 7 | AM21: 16 | AO21: 24.23 | AP21: 17 | AQ21: 99 | AS21: 2 | AT21: 2 | AU21: <1 | AW21: 24.23 | AX21: 17 | AY21: 99 | BA21: 2.04 | BB21: 9 | BC21: 37
E22: 2.03 | F22: 8 | G22: 25 | I22: 24.19 | J22: 19 | K22: >99 | M22: 2.01 | N22: 3 | O22: 1 | Q22: 24.34 | R22: 18 | S22: >99 | U22: 2.03 | V22: 7 | W22: 16 | Y22: 2.01 | Z22: 3 | AA22: 1 | AC22: 2.03 | AD22: 7 | AE22: 16 | AG22: 2.02 | AH22: 5 | AI22: 5 | AK22: 2.04 | AL22: 9 | AM22: 37 | AO22: 24.24 | AP22: 18 | AQ22: >99 | AS22: 2.01 | AT22: 3 | AU22: 1 | AW22: 24.24 | AX22: 18 | AY22: >99 | BA22: 2.05 | BB22: 10 | BC22: 50
E23: 2.04 | F23: 10 | G23: 50 | I23: 25 | J23: 1 | K23: <1 | M23: 2.02 | N23: 5 | O23: 5 | Q23: 24.36 | R23: 19 | S23: >99 | U23: 2.04 | V23: 9 | W23: 37 | Y23: 2.02 | Z23: 4 | AA23: 2 | AC23: 2.04 | AD23: 9 | AE23: 37 | AG23: 2.03 | AH23: 6 | AI23: 9 | AK23: 2.05 | AL23: 10 | AM23: 50 | AO23: 24.25 | AP23: 19 | AQ23: >99 | AS23: 2.02 | AT23: 5 | AU23: 5 | AW23: 24.25 | AX23: 19 | AY23: >99 | BA23: 2.06 | BB23: 11 | BC23: 63
E24: 2.05 | F24: 11 | G24: 63 | I24: 25.01 | J24: 3 | K24: 1 | M24: 2.03 | N24: 6 | O24: 9 | Q24: 25 | R24: 1 | S24: <1 | U24: 2.05 | V24: 10 | W24: 50 | Y24: 2.03 | Z24: 5 | AA24: 5 | AC24: 2.05 | AD24: 10 | AE24: 50 | AG24: 2.04 | AH24: 7 | AI24: 16 | AK24: 2.06 | AL24: 11 | AM24: 63 | AO24: 25 | AP24: 1 | AQ24: <1 | AS24: 2.03 | AT24: 6 | AU24: 9 | AW24: 25 | AX24: 1 | AY24: <1 | BA24: 2.07 | BB24: 12 | BC24: 75
E25: 2.06 | F25: 12 | G25: 75 | I25: 25.02 | J25: 4 | K25: 2 | M25: 2.04 | N25: 7 | O25: 16 | Q25: 25.01 | R25: 2 | S25: <1 | U25: 2.06 | V25: 11 | W25: 63 | Y25: 2.04 | Z25: 6 | AA25: 9 | AC25: 2.06 | AD25: 11 | AE25: 63 | AG25: 2.05 | AH25: 8 | AI25: 25 | AK25: 2.07 | AL25: 12 | AM25: 75 | AO25: 25.06 | AP25: 2 | AQ25: <1 | AS25: 2.04 | AT25: 7 | AU25: 16 | AW25: 25.02 | AX25: 2 | AY25: <1 | BA25: 2.08 | BB25: 14 | BC25: 91
E26: 2.07 | F26: 13 | G26: 84 | I26: 25.03 | J26: 5 | K26: 5 | M26: 2.05 | N26: 8 | O26: 25 | Q26: 25.02 | R26: 3 | S26: 1 | U26: 2.07 | V26: 12 | W26: 75 | Y26: 2.05 | Z26: 7 | AA26: 16 | AC26: 2.07 | AD26: 12 | AE26: 75 | AG26: 2.06 | AH26: 9 | AI26: 37 | AK26: 2.08 | AL26: 13 | AM26: 85 | AO26: 25.08 | AP26: 3 | AQ26: 1 | AS26: 2.05 | AT26: 8 | AU26: 25 | AW26: 25.03 | AX26: 3 | AY26: 1 | BA26: 2.09 | BB26: 16 | BC26: 98
E27: 2.08 | F27: 14 | G27: 91 | I27: 25.04 | J27: 6 | K27: 9 | M27: 2.06 | N27: 9 | O27: 37 | Q27: 25.03 | R27: 4 | S27: 2 | U27: 2.08 | V27: 13 | W27: 85 | Y27: 2.06 | Z27: 8 | AA27: 25 | AC27: 2.08 | AD27: 13 | AE27: 85 | AG27: 2.07 | AH27: 10 | AI27: 50 | AK27: 2.09 | AL27: 14 | AM27: 91 | AO27: 25.09 | AP27: 4 | AQ27: 2 | AS27: 2.06 | AT27: 9 | AU27: 37 | AW27: 25.04 | AX27: 4 | AY27: 2 | BA27: 2.1 | BB27: 17 | BC27: 99
E28: 2.09 | F28: 15 | G28: 95 | I28: 25.05 | J28: 7 | K28: 16 | M28: 2.07 | N28: 10 | O28: 50 | Q28: 25.04 | R28: 5 | S28: 5 | U28: 2.09 | V28: 14 | W28: 91 | Y28: 2.07 | Z28: 9 | AA28: 37 | AC28: 2.09 | AD28: 14 | AE28: 91 | AG28: 2.09 | AH28: 11 | AI28: 63 | AK28: 2.1 | AL28: 15 | AM28: 95 | AO28: 25.1 | AP28: 5 | AQ28: 5 | AS28: 2.08 | AT28: 10 | AU28: 50 | AW28: 25.05 | AX28: 5 | AY28: 5 | BA28: 2.11 | BB28: 18 | BC28: >99
E29: 2.1 | F29: 16 | G29: 98 | I29: 25.06 | J29: 8 | K29: 25 | M29: 2.08 | N29: 11 | O29: 63 | Q29: 25.06 | R29: 6 | S29: 9 | U29: 2.1 | V29: 15 | W29: 95 | Y29: 2.08 | Z29: 10 | AA29: 50 | AC29: 2.1 | AD29: 15 | AE29: 95 | AG29: 2.1 | AH29: 12 | AI29: 75 | AK29: 2.11 | AL29: 16 | AM29: 98 | AO29: 25.11 | AP29: 6 | AQ29: 9 | AS29: 2.1 | AT29: 11 | AU29: 63 | AW29: 25.06 | AX29: 6 | AY29: 9 | BA29: 2.12 | BB29: 19 | BC29: >99
E30: 2.11 | F30: 17 | G30: 99 | I30: 25.07 | J30: 9 | K30: 37 | M30: 2.1 | N30: 12 | O30: 75 | Q30: 25.08 | R30: 7 | S30: 16 | U30: 2.11 | V30: 16 | W30: 98 | Y30: 2.09 | Z30: 11 | AA30: 63 | AC30: 2.11 | AD30: 16 | AE30: 98 | AG30: 2.11 | AH30: 13 | AI30: 85 | AK30: 2.12 | AL30: 17 | AM30: 99 | AO30: 25.12 | AP30: 7 | AQ30: 16 | AS30: 2.11 | AT30: 12 | AU30: 75 | AW30: 25.07 | AX30: 7 | AY30: 16 | BA30: 3 | BB30: 1 | BC30: <1
E31: 2.12 | F31: 18 | G31: 18 | I31: 25.08 | J31: 10 | K31: 50 | M31: 2.11 | N31: 13 | O31: 85 | Q31: 25.1 | R31: 8 | S31: 25 | U31: 2.12 | V31: 17 | W31: 99 | Y31: 2.1 | Z31: 12 | AA31: 75 | AC31: 2.12 | AD31: 17 | AE31: 99 | AG31: 2.13 | AH31: 14 | AI31: 91 | AK31: 2.13 | AL31: 18 | AM31: >99 | AO31: 25.13 | AP31: 8 | AQ31: 25 | AS31: 2.13 | AT31: 13 | AU31: 85 | AW31: 25.09 | AX31: 8 | AY31: 25 | BA31: 3.01 | BB31: 3 | BC31: 1
E32: 2.13 | F32: 19 | G32: >99 | I32: 25.09 | J32: 11 | K32: 63 | M32: 2.13 | N32: 14 | O32: 91 | Q32: 25.13 | R32: 9 | S32: 37 | U32: 2.14 | V32: 18 | W32: >99 | Y32: 2.11 | Z32: 13 | AA32: 85 | AC32: 2.13 | AD32: 18 | AE32: >99 | AG32: 2.14 | AH32: 15 | AI32: 95 | AK32: 2.17 | AL32: 19 | AM32: >99 | AO32: 25.14 | AP32: 9 | AQ32: 37 | AS32: 2.14 | AT32: 14 | AU32: 91 | AW32: 25.11 | AX32: 9 | AY32: 37 | BA32: 3.02 | BB32: 5 | BC32: 5
E33: 3 | F33: 1 | G33: <1 | I33: 25.1 | J33: 12 | K33: 75 | M33: 2.14 | N33: 15 | O33: 95 | Q33: 25.15 | R33: 10 | S33: 50 | U33: 2.17 | V33: 19 | W33: >99 | Y33: 2.12 | Z33: 14 | AA33: 91 | AC33: 2.14 | AD33: 19 | AE33: >99 | AG33: 2.15 | AH33: 16 | AI33: 98 | AK33: 3 | AL33: 1 | AM33: <1 | AO33: 25.15 | AP33: 10 | AQ33: 50 | AS33: 2.16 | AT33: 15 | AU33: 95 | AW33: 25.12 | AX33: 10 | AY33: 50 | BA33: 3.03 | BB33: 7 | BC33: 16
E34: 3.01 | F34: 3 | G34: 1 | I34: 25.11 | J34: 13 | K34: 85 | M34: 2.15 | N34: 16 | O34: 98 | Q34: 25.17 | R34: 11 | S34: 63 | U34: 3 | V34: 1 | W34: <1 | Y34: 2.14 | Z34: 15 | AA34: 95 | AC34: 3 | AD34: 1 | AE34: <1 | AG34: 2.17 | AH34: 17 | AI34: 99 | AK34: 3.01 | AL34: 3 | AM34: 1 | AO34: 25.16 | AP34: 11 | AQ34: 63 | AS34: 2.17 | AT34: 16 | AU34: 98 | AW34: 25.14 | AX34: 11 | AY34: 63 | BA34: 3.04 | BB34: 9 | BC34: 37
E35: 3.02 | F35: 5 | G35: 5 | I35: 25.12 | J35: 14 | K35: 91 | M35: 2.16 | N35: 17 | O35: 99 | Q35: 25.2 | R35: 12 | S35: 75 | U35: 3.01 | V35: 3 | W35: 1 | Y35: 2.15 | Z35: 16 | AA35: 98 | AC35: 3.01 | AD35: 3 | AE35: 1 | AG35: 2.23 | AH35: 18 | AI35: >99 | AK35: 3.02 | AL35: 5 | AM35: 5 | AO35: 25.17 | AP35: 12 | AQ35: 75 | AS35: 2.19 | AT35: 17 | AU35: 99 | AW35: 25.15 | AX35: 12 | AY35: 75 | BA35: 3.05 | BB35: 10 | BC35: 50
E36: 3.03 | F36: 7 | G36: 16 | I36: 25.14 | J36: 15 | K36: 95 | M36: 2.19 | N36: 18 | O36: >99 | Q36: 25.22 | R36: 13 | S36: 85 | U36: 3.02 | V36: 5 | W36: 5 | Y36: 2.16 | Z36: 17 | AA36: 99 | AC36: 3.02 | AD36: 5 | AE36: 5 | AG36: 2.27 | AH36: 19 | AI36: >99 | AK36: 3.03 | AL36: 7 | AM36: 16 | AO36: 25.18 | AP36: 13 | AQ36: 85 | AS36: 2.22 | AT36: 18 | AU36: >99 | AW36: 25.17 | AX36: 13 | AY36: 85 | BA36: 3.06 | BB36: 11 | BC36: 63
E37: 3.04 | F37: 9 | G37: 37 | I37: 25.15 | J37: 16 | K37: 98 | M37: 2.22 | N37: 19 | O37: >99 | Q37: 25.24 | R37: 14 | S37: 91 | U37: 3.03 | V37: 6 | W37: 9 | Y37: 2.17 | Z37: 18 | AA37: >99 | AC37: 3.03 | AD37: 7 | AE37: 16 | AG37: 3 | AH37: 1 | AI37: <1 | AK37: 3.04 | AL37: 8 | AM37: 25 | AO37: 25.19 | AP37: 14 | AQ37: 91 | AS37: 2.26 | AT37: 19 | AU37: >99 | AW37: 25.18 | AX37: 14 | AY37: 91 | BA37: 3.07 | BB37: 12 | BC37: 75
E38: 3.05 | F38: 10 | G38: 50 | I38: 25.16 | J38: 17 | K38: 99 | M38: 3 | N38: 1 | O38: <1 | Q38: 25.27 | R38: 15 | S38: 95 | U38: 3.04 | V38: 7 | W38: 16 | Y38: 2.2 | Z38: 19 | AA38: >99 | AC38: 3.04 | AD38: 8 | AE38: 25 | AG38: 3.01 | AH38: 3 | AI38: 1 | AK38: 3.05 | AL38: 9 | AM38: 37 | AO38: 25.2 | AP38: 15 | AQ38: 95 | AS38: 3 | AT38: 1 | AU38: <1 | AW38: 25.2 | AX38: 15 | AY38: 95 | BA38: 3.08 | BB38: 13 | BC38: 85
E39: 3.06 | F39: 11 | G39: 63 | I39: 25.18 | J39: 18 | K39: >99 | M39: 3.01 | N39: 3 | O39: 1 | Q39: 25.29 | R39: 16 | S39: 98 | U39: 3.05 | V39: 8 | W39: 25 | Y39: 3 | Z39: 1 | AA39: <1 | AC39: 3.05 | AD39: 9 | AE39: 37 | AG39: 3.02 | AH39: 4 | AI39: 2 | AK39: 3.06 | AL39: 10 | AM39: 50 | AO39: 25.21 | AP39: 16 | AQ39: 98 | AS39: 3.01 | AT39: 3 | AU39: 1 | AW39: 25.21 | AX39: 16 | AY39: 98 | BA39: 3.09 | BB39: 14 | BC39: 91
E40: 3.07 | F40: 12 | G40: 75 | I40: 25.19 | J40: 19 | K40: >99 | M40: 3.02 | N40: 4 | O40: 2 | Q40: 25.31 | R40: 17 | S40: 99 | U40: 3.06 | V40: 9 | W40: 37 | Y40: 3.01 | Z40: 3 | AA40: 1 | AC40: 3.06 | AD40: 10 | AE40: 50 | AG40: 3.03 | AH40: 5 | AI40: 5 | AK40: 3.07 | AL40: 11 | AM40: 63 | AO40: 25.23 | AP40: 17 | AQ40: 99 | AS40: 3.02 | AT40: 4 | AU40: 2 | AW40: 25.23 | AX40: 17 | AY40: 99 | BA40: 3.1 | BB40: 15 | BC40: 95
E41: 3.08 | F41: 13 | G41: 84 | I41: 26 | J41: 1 | K41: <1 | M41: 3.03 | N41: 5 | O41: 5 | Q41: 25.34 | R41: 18 | S41: >99 | U41: 3.07 | V41: 10 | W41: 50 | Y41: 3.02 | Z41: 4 | AA41: 2 | AC41: 3.07 | AD41: 11 | AE41: 63 | AG41: 3.04 | AH41: 6 | AI41: 9 | AK41: 3.08 | AL41: 12 | AM41: 75 | AO41: 25.24 | AP41: 18 | AQ41: >99 | AS41: 3.03 | AT41: 5 | AU41: 5 | AW41: 25.24 | AX41: 18 | AY41: >99 | BA41: 3.11 | BB41: 16 | BC41: 98
E42: 3.09 | F42: 14 | G42: 91 | I42: 26.01 | J42: 3 | K42: 1 | M42: 3.04 | N42: 6 | O42: 9 | Q42: 25.36 | R42: 19 | S42: >99 | U42: 3.08 | V42: 11 | W42: 63 | Y42: 3.03 | Z42: 5 | AA42: 5 | AC42: 3.08 | AD42: 12 | AE42: 75 | AG42: 3.05 | AH42: 7 | AI42: 16 | AK42: 3.09 | AL42: 13 | AM42: 85 | AO42: 25.25 | AP42: 19 | AQ42: >99 | AS42: 3.04 | AT42: 6 | AU42: 9 | AW42: 25.25 | AX42: 19 | AY42: >99 | BA42: 3.12 | BB42: 18 | BC42: >99
E43: 3.1 | F43: 15 | G43: 95 | I43: 26.02 | J43: 4 | K43: 2 | M43: 3.05 | N43: 7 | O43: 16 | Q43: 26 | R43: 1 | S43: <1 | U43: 3.09 | V43: 12 | W43: 75 | Y43: 3.04 | Z43: 6 | AA43: 9 | AC43: 3.09 | AD43: 13 | AE43: 85 | AG43: 3.06 | AH43: 8 | AI43: 25 | AK43: 3.1 | AL43: 14 | AM43: 91 | AO43: 26 | AP43: 1 | AQ43: <1 | AS43: 3.05 | AT43: 7 | AU43: 16 | AW43: 26 | AX43: 1 | AY43: <1 | BA43: 3.13 | BB43: 19 | BC43: >99
E44: 3.11 | F44: 16 | G44: 98 | I44: 26.03 | J44: 5 | K44: 5 | M44: 3.07 | N44: 8 | O44: 25 | Q44: 26.01 | R44: 2 | S44: <1 | U44: 3.1 | V44: 13 | W44: 85 | Y44: 3.06 | Z44: 7 | AA44: 16 | AC44: 3.1 | AD44: 14 | AE44: 91 | AG44: 3.07 | AH44: 9 | AI44: 37 | AK44: 3.12 | AL44: 15 | AM44: 95 | AO44: 26.06 | AP44: 2 | AQ44: <1 | AS44: 3.07 | AT44: 8 | AU44: 25 | AW44: 26.02 | AX44: 2 | AY44: <1 | BA44: 4 | BB44: 1 | BC44: <1
E45: 3.12 | F45: 17 | G45: 99 | I45: 26.04 | J45: 6 | K45: 9 | M45: 3.08 | N45: 9 | O45: 37 | Q45: 26.02 | R45: 3 | S45: 1 | U45: 3.11 | V45: 14 | W45: 91 | Y45: 3.07 | Z45: 8 | AA45: 25 | AC45: 3.11 | AD45: 15 | AE45: 95 | AG45: 3.09 | AH45: 10 | AI45: 50 | AK45: 3.13 | AL45: 16 | AM45: 98 | AO45: 26.08 | AP45: 3 | AQ45: 1 | AS45: 3.08 | AT45: 9 | AU45: 37 | AW45: 26.03 | AX45: 3 | AY45: 1 | BA45: 4.01 | BB45: 3 | BC45: 1
E46: 3.13 | F46: 18 | G46: >99 | I46: 26.05 | J46: 7 | K46: 16 | M46: 3.1 | N46: 10 | O46: 50 | Q46: 26.03 | R46: 4 | S46: 2 | U46: 3.12 | V46: 15 | W46: 95 | Y46: 3.08 | Z46: 9 | AA46: 37 | AC46: 3.12 | AD46: 16 | AE46: 98 | AG46: 3.11 | AH46: 11 | AI46: 63 | AK46: 3.14 | AL46: 17 | AM46: 99 | AO46: 26.09 | AP46: 4 | AQ46: 2 | AS46: 3.1 | AT46: 10 | AU46: 50 | AW46: 26.04 | AX46: 4 | AY46: 2 | BA46: 4.02 | BB46: 5 | BC46: 5
E47: 3.14 | F47: 19 | G47: >99 | I47: 26.06 | J47: 8 | K47: 25 | M47: 3.11 | N47: 11 | O47: 63 | Q47: 26.04 | R47: 5 | S47: 5 | U47: 3.13 | V47: 16 | W47: 98 | Y47: 3.09 | Z47: 10 | AA47: 50 | AC47: 3.13 | AD47: 17 | AE47: 99 | AG47: 3.13 | AH47: 12 | AI47: 75 | AK47: 3.15 | AL47: 18 | AM47: >99 | AO47: 26.1 | AP47: 5 | AQ47: 5 | AS47: 3.11 | AT47: 11 | AU47: 63 | AW47: 26.05 | AX47: 5 | AY47: 5 | BA47: 4.03 | BB47: 7 | BC47: 16
E48: 4 | F48: 1 | G48: <1 | I48: 26.07 | J48: 9 | K48: 37 | M48: 3.12 | N48: 12 | O48: 75 | Q48: 26.06 | R48: 6 | S48: 9 | U48: 3.15 | V48: 17 | W48: 99 | Y48: 3.11 | Z48: 11 | AA48: 63 | AC48: 3.14 | AD48: 18 | AE48: >99 | AG48: 3.15 | AH48: 13 | AI48: 85 | AK48: 3.19 | AL48: 19 | AM48: >99 | AO48: 26.11 | AP48: 6 | AQ48: 9 | AS48: 3.13 | AT48: 12 | AU48: 75 | AW48: 26.06 | AX48: 6 | AY48: 9 | BA48: 4.04 | BB48: 8 | BC48: 25
E49: 4.01 | F49: 3 | G49: 1 | I49: 26.08 | J49: 10 | K49: 50 | M49: 3.13 | N49: 13 | O49: 85 | Q49: 26.08 | R49: 7 | S49: 16 | U49: 3.16 | V49: 18 | W49: >99 | Y49: 3.12 | Z49: 12 | AA49: 75 | AC49: 3.16 | AD49: 19 | AE49: >99 | AG49: 3.17 | AH49: 14 | AI49: 91 | AK49: 4 | AL49: 1 | AM49: <1 | AO49: 26.12 | AP49: 7 | AQ49: 16 | AS49: 3.15 | AT49: 13 | AU49: 85 | AW49: 26.07 | AX49: 7 | AY49: 16 | BA49: 4.05 | BB49: 9 | BC49: 37
E50: 4.02 | F50: 5 | G50: 5 | I50: 26.09 | J50: 11 | K50: 63 | M50: 3.15 | N50: 14 | O50: 91 | Q50: 26.1 | R50: 8 | S50: 25 | U50: 3.18 | V50: 19 | W50: >99 | Y50: 3.13 | Z50: 13 | AA50: 85 | AC50: 4 | AD50: 1 | AE50: <1 | AG50: 3.19 | AH50: 15 | AI50: 95 | AK50: 4.01 | AL50: 3 | AM50: 1 | AO50: 26.13 | AP50: 8 | AQ50: 25 | AS50: 3.17 | AT50: 14 | AU50: 91 | AW50: 26.09 | AX50: 8 | AY50: 25 | BA50: 4.06 | BB50: 10 | BC50: 50
E51: 4.03 | F51: 7 | G51: 16 | I51: 26.1 | J51: 12 | K51: 75 | M51: 3.16 | N51: 15 | O51: 95 | Q51: 26.13 | R51: 9 | S51: 37 | U51: 4 | V51: 1 | W51: <1 | Y51: 3.14 | Z51: 14 | AA51: 91 | AC51: 4.01 | AD51: 3 | AE51: 1 | AG51: 3.21 | AH51: 16 | AI51: 98 | AK51: 4.02 | AL51: 4 | AM51: 2 | AO51: 26.14 | AP51: 9 | AQ51: 37 | AS51: 3.19 | AT51: 15 | AU51: 95 | AW51: 26.11 | AX51: 9 | AY51: 37 | BA51: 4.07 | BB51: 11 | BC51: 63
E52: 4.04 | F52: 9 | G52: 37 | I52: 26.11 | J52: 13 | K52: 85 | M52: 3.18 | N52: 16 | O52: 98 | Q52: 26.15 | R52: 10 | S52: 50 | U52: 4.01 | V52: 3 | W52: 1 | Y52: 3.16 | Z52: 15 | AA52: 95 | AC52: 4.02 | AD52: 5 | AE52: 5 | AG52: 3.25 | AH52: 17 | AI52: 99 | AK52: 4.03 | AL52: 6 | AM52: 9 | AO52: 26.15 | AP52: 10 | AQ52: 50 | AS52: 3.2 | AT52: 16 | AU52: 98 | AW52: 26.12 | AX52: 10 | AY52: 50 | BA52: 4.08 | BB52: 12 | BC52: 75
E53: 4.05 | F53: 10 | G53: 50 | I53: 26.12 | J53: 14 | K53: 91 | M53: 3.21 | N53: 17 | O53: 99 | Q53: 26.17 | R53: 11 | S53: 63 | U53: 4.02 | V53: 4 | W53: 2 | Y53: 3.17 | Z53: 16 | AA53: 98 | AC53: 4.03 | AD53: 6 | AE53: 9 | AG53: 3.27 | AH53: 18 | AI53: >99 | AK53: 4.04 | AL53: 7 | AM53: 16 | AO53: 26.16 | AP53: 11 | AQ53: 63 | AS53: 3.24 | AT53: 17 | AU53: 99 | AW53: 26.14 | AX53: 11 | AY53: 63 | BA53: 4.09 | BB53: 13 | BC53: 85
E54: 4.06 | F54: 11 | G54: 63 | I54: 26.14 | J54: 15 | K54: 95 | M54: 3.23 | N54: 18 | O54: >99 | Q54: 26.2 | R54: 12 | S54: 75 | U54: 4.03 | V54: 5 | W54: 5 | Y54: 3.18 | Z54: 17 | AA54: 99 | AC54: 4.04 | AD54: 7 | AE54: 16 | AG54: 3.31 | AH54: 19 | AI54: >99 | AK54: 4.05 | AL54: 8 | AM54: 25 | AO54: 26.17 | AP54: 12 | AQ54: 75 | AS54: 3.26 | AT54: 18 | AU54: >99 | AW54: 26.15 | AX54: 12 | AY54: 75 | BA54: 4.1 | BB54: 14 | BC54: 91
E55: 4.07 | F55: 12 | G55: 75 | I55: 26.15 | J55: 16 | K55: 98 | M55: 3.26 | N55: 19 | O55: >99 | Q55: 26.22 | R55: 13 | S55: 85 | U55: 4.04 | V55: 6 | W55: 9 | Y55: 3.19 | Z55: 18 | AA55: >99 | AC55: 4.05 | AD55: 8 | AE55: 25 | AG55: 4 | AH55: 1 | AI55: <1 | AK55: 4.06 | AL55: 9 | AM55: 37 | AO55: 26.18 | AP55: 13 | AQ55: 85 | AS55: 3.29 | AT55: 19 | AU55: >99 | AW55: 26.17 | AX55: 13 | AY55: 85 | BA55: 4.11 | BB55: 15 | BC55: 95
E56: 4.08 | F56: 13 | G56: 84 | I56: 26.16 | J56: 17 | K56: 99 | M56: 4 | N56: 1 | O56: <1 | Q56: 26.24 | R56: 14 | S56: 91 | U56: 4.05 | V56: 7 | W56: 16 | Y56: 3.22 | Z56: 19 | AA56: >99 | AC56: 4.06 | AD56: 9 | AE56: 37 | AG56: 4.01 | AH56: 2 | AI56: <1 | AK56: 4.07 | AL56: 10 | AM56: 50 | AO56: 26.19 | AP56: 14 | AQ56: 91 | AS56: 4 | AT56: 1 | AU56: <1 | AW56: 26.18 | AX56: 14 | AY56: 91 | BA56: 4.12 | BB56: 16 | BC56: 98
E57: 4.09 | F57: 14 | G57: 91 | I57: 26.18 | J57: 18 | K57: >99 | M57: 4.01 | N57: 2 | O57: <1 | Q57: 26.27 | R57: 15 | S57: 95 | U57: 4.06 | V57: 8 | W57: 25 | Y57: 4 | Z57: 1 | AA57: <1 | AC57: 4.07 | AD57: 10 | AE57: 50 | AG57: 4.02 | AH57: 3 | AI57: 1 | AK57: 4.08 | AL57: 11 | AM57: 63 | AO57: 26.2 | AP57: 15 | AQ57: 95 | AS57: 4.01 | AT57: 2 | AU57: <1 | AW57: 26.2 | AX57: 15 | AY57: 95 | BA57: 4.13 | BB57: 17 | BC57: 99
E58: 4.1 | F58: 15 | G58: 95 | I58: 26.19 | J58: 19 | K58: >99 | M58: 4.02 | N58: 3 | O58: 1 | Q58: 26.29 | R58: 16 | S58: 98 | U58: 4.07 | V58: 9 | W58: 37 | Y58: 4.01 | Z58: 2 | AA58: <1 | AC58: 4.08 | AD58: 11 | AE58: 63 | AG58: 4.03 | AH58: 4 | AI58: 2 | AK58: 4.09 | AL58: 12 | AM58: 75 | AO58: 26.21 | AP58: 16 | AQ58: 98 | AS58: 4.02 | AT58: 3 | AU58: 1 | AW58: 26.21 | AX58: 16 | AY58: 98 | BA58: 4.14 | BB58: 18 | BC58: >99
E59: 4.11 | F59: 16 | G59: 98 | I59: 27 | J59: 1 | K59: <1 | M59: 4.03 | N59: 4 | O59: 2 | Q59: 26.31 | R59: 17 | S59: 99 | U59: 4.08 | V59: 10 | W59: 50 | Y59: 4.02 | Z59: 3 | AA59: 1 | AC59: 4.09 | AD59: 12 | AE59: 75 | AG59: 4.04 | AH59: 5 | AI59: 5 | AK59: 4.1 | AL59: 13 | AM59: 85 | AO59: 26.23 | AP59: 17 | AQ59: 99 | AS59: 4.03 | AT59: 4 | AU59: 2 | AW59: 26.23 | AX59: 17 | AY59: 99 | BA59: 4.15 | BB59: 19 | BC59: >99
E60: 4.12 | F60: 17 | G60: 99 | I60: 27.01 | J60: 3 | K60: 1 | M60: 4.04 | N60: 5 | O60: 5 | Q60: 26.34 | R60: 18 | S60: >99 | U60: 4.09 | V60: 11 | W60: 63 | Y60: 4.03 | Z60: 4 | AA60: 2 | AC60: 4.1 | AD60: 13 | AE60: 85 | AG60: 4.05 | AH60: 6 | AI60: 9 | AK60: 4.12 | AL60: 14 | AM60: 91 | AO60: 26.24 | AP60: 18 | AQ60: >99 | AS60: 4.04 | AT60: 5 | AU60: 5 | AW60: 26.24 | AX60: 18 | AY60: >99 | BA60: 5 | BB60: 1 | BC60: <1
E61: 4.13 | F61: 18 | G61: >99 | I61: 27.02 | J61: 4 | K61: 2 | M61: 4.05 | N61: 6 | O61: 9 | Q61: 26.36 | R61: 19 | S61: >99 | U61: 4.1 | V61: 12 | W61: 75 | Y61: 4.04 | Z61: 5 | AA61: 5 | AC61: 4.11 | AD61: 14 | AE61: 91 | AG61: 4.07 | AH61: 7 | AI61: 16 | AK61: 4.13 | AL61: 15 | AM61: 95 | AO61: 26.25 | AP61: 19 | AQ61: >99 | AS61: 4.06 | AT61: 6 | AU61: 9 | AW61: 26.25 | AX61: 19 | AY61: >99 | BA61: 5.01 | BB61: 3 | BC61: 1
E62: 4.16 | F62: 19 | G62: >99 | I62: 27.03 | J62: 5 | K62: 5 | M62: 4.07 | N62: 7 | O62: 16 | Q62: 27 | R62: 1 | S62: <1 | U62: 4.11 | V62: 13 | W62: 85 | Y62: 4.06 | Z62: 6 | AA62: 9 | AC62: 4.12 | AD62: 15 | AE62: 95 | AG62: 4.09 | AH62: 8 | AI62: 25 | AK62: 4.14 | AL62: 16 | AM62: 98 | AO62: 27 | AP62: 1 | AQ62: <1 | AS62: 4.08 | AT62: 7 | AU62: 16 | AW62: 27 | AX62: 1 | AY62: <1 | BA62: 5.02 | BB62: 4 | BC62: 2
E63: 5 | F63: 1 | G63: <1 | I63: 27.04 | J63: 6 | K63: 9 | M63: 4.08 | N63: 8 | O63: 25 | Q63: 27.01 | R63: 2 | S63: <1 | U63: 4.12 | V63: 14 | W63: 91 | Y63: 4.07 | Z63: 7 | AA63: 16 | AC63: 4.13 | AD63: 16 | AE63: 98 | AG63: 4.11 | AH63: 9 | AI63: 37 | AK63: 4.15 | AL63: 17 | AM63: 99 | AO63: 27.06 | AP63: 2 | AQ63: <1 | AS63: 4.1 | AT63: 8 | AU63: 25 | AW63: 27.02 | AX63: 2 | AY63: <1 | BA63: 5.03 | BB63: 6 | BC63: 9
E64: 5.01 | F64: 3 | G64: 1 | I64: 27.05 | J64: 7 | K64: 16 | M64: 4.1 | N64: 9 | O64: 37 | Q64: 27.02 | R64: 3 | S64: 1 | U64: 4.14 | V64: 15 | W64: 95 | Y64: 4.08 | Z64: 8 | AA64: 25 | AC64: 4.14 | AD64: 17 | AE64: 99 | AG64: 4.13 | AH64: 10 | AI64: 50 | AK64: 4.17 | AL64: 18 | AM64: >99 | AO64: 27.08 | AP64: 3 | AQ64: 1 | AS64: 4.11 | AT64: 9 | AU64: 37 | AW64: 27.03 | AX64: 3 | AY64: 1 | BA64: 5.04 | BB64: 7 | BC64: 16
E65: 5.02 | F65: 4 | G65: 2 | I65: 27.06 | J65: 8 | K65: 25 | M65: 4.11 | N65: 10 | O65: 50 | Q65: 27.04 | R65: 4 | S65: 2 | U65: 4.15 | V65: 16 | W65: 98 | Y65: 4.09 | Z65: 9 | AA65: 37 | AC65: 4.15 | AD65: 18 | AE65: >99 | AG65: 4.15 | AH65: 11 | AI65: 63 | AK65: 4.2 | AL65: 19 | AM65: >99 | AO65: 27.09 | AP65: 4 | AQ65: 2 | AS65: 4.13 | AT65: 10 | AU65: 50 | AW65: 27.05 | AX65: 4 | AY65: 2 | BA65: 5.05 | BB65: 8 | BC65: 25
E66: 5.03 | F66: 6 | G66: 9 | I66: 27.07 | J66: 9 | K66: 37 | M66: 4.13 | N66: 11 | O66: 63 | Q66: 27.06 | R66: 5 | S66: 5 | U66: 4.16 | V66: 17 | W66: 99 | Y66: 4.11 | Z66: 10 | AA66: 50 | AC66: 4.17 | AD66: 19 | AE66: >99 | AG66: 4.17 | AH66: 12 | AI66: 75 | AK66: 5 | AL66: 1 | AM66: <1 | AO66: 27.1 | AP66: 5 | AQ66: 5 | AS66: 4.15 | AT66: 11 | AU66: 63 | AW66: 27.06 | AX66: 5 | AY66: 5 | BA66: 5.06 | BB66: 9 | BC66: 37
E67: 5.04 | F67: 7 | G67: 16 | I67: 27.08 | J67: 10 | K67: 50 | M67: 4.15 | N67: 12 | O67: 75 | Q67: 27.08 | R67: 6 | S67: 9 | U67: 4.17 | V67: 18 | W67: >99 | Y67: 4.12 | Z67: 11 | AA67: 63 | AC67: 5 | AD67: 1 | AE67: <1 | AG67: 4.19 | AH67: 13 | AI67: 85 | AK67: 5.01 | AL67: 2 | AM67: <1 | AO67: 27.11 | AP67: 6 | AQ67: 9 | AS67: 4.17 | AT67: 12 | AU67: 75 | AW67: 27.08 | AX67: 6 | AY67: 9 | BA67: 5.07 | BB67: 10 | BC67: 50
E68: 5.05 | F68: 8 | G68: 25 | I68: 27.1 | J68: 11 | K68: 63 | M68: 4.16 | N68: 13 | O68: 85 | Q68: 27.1 | R68: 7 | S68: 16 | U68: 4.18 | V68: 19 | W68: >99 | Y68: 4.13 | Z68: 12 | AA68: 75 | AC68: 5.01 | AD68: 2 | AE68: <1 | AG68: 4.21 | AH68: 14 | AI68: 91 | AK68: 5.02 | AL68: 3 | AM68: 1 | AO68: 27.12 | AP68: 7 | AQ68: 16 | AS68: 4.19 | AT68: 13 | AU68: 85 | AW68: 27.09 | AX68: 7 | AY68: 16 | BA68: 5.08 | BB68: 11 | BC68: 63
E69: 5.06 | F69: 9 | G69: 37 | I69: 27.11 | J69: 12 | K69: 75 | M69: 4.18 | N69: 14 | O69: 91 | Q69: 27.13 | R69: 8 | S69: 25 | U69: 5 | V69: 1 | W69: <1 | Y69: 4.14 | Z69: 13 | AA69: 85 | AC69: 5.02 | AD69: 4 | AE69: 2 | AG69: 4.23 | AH69: 15 | AI69: 95 | AK69: 5.03 | AL69: 4 | AM69: 2 | AO69: 27.13 | AP69: 8 | AQ69: 25 | AS69: 4.2 | AT69: 14 | AU69: 91 | AW69: 27.11 | AX69: 8 | AY69: 25 | BA69: 5.09 | BB69: 12 | BC69: 75
E70: 5.07 | F70: 10 | G70: 50 | I70: 27.12 | J70: 13 | K70: 85 | M70: 4.19 | N70: 15 | O70: 95 | Q70: 27.15 | R70: 9 | S70: 37 | U70: 5.01 | V70: 2 | W70: <1 | Y70: 4.16 | Z70: 14 | AA70: 91 | AC70: 5.03 | AD70: 5 | AE70: 5 | AG70: 4.25 | AH70: 16 | AI70: 98 | AK70: 5.04 | AL70: 5 | AM70: 5 | AO70: 27.14 | AP70: 9 | AQ70: 37 | AS70: 4.22 | AT70: 15 | AU70: 95 | AW70: 27.12 | AX70: 9 | AY70: 37 | BA70: 5.1 | BB70: 13 | BC70: 85
E71: 5.08 | F71: 11 | G71: 63 | I71: 27.14 | J71: 14 | K71: 91 | M71: 4.21 | N71: 16 | O71: 98 | Q71: 27.17 | R71: 10 | S71: 50 | U71: 5.02 | V71: 3 | W71: 1 | Y71: 4.17 | Z71: 15 | AA71: 95 | AC71: 5.04 | AD71: 6 | AE71: 9 | AG71: 4.27 | AH71: 17 | AI71: 99 | AK71: 5.05 | AL71: 6 | AM71: 9 | AO71: 27.15 | AP71: 10 | AQ71: 50 | AS71: 4.24 | AT71: 16 | AU71: 98 | AW71: 27.14 | AX71: 10 | AY71: 50 | BA71: 5.11 | BB71: 14 | BC71: 91
E72: 5.09 | F72: 12 | G72: 75 | I72: 27.15 | J72: 15 | K72: 95 | M72: 4.23 | N72: 17 | O72: 99 | Q72: 27.2 | R72: 11 | S72: 63 | U72: 5.03 | V72: 4 | W72: 2 | Y72: 4.18 | Z72: 16 | AA72: 98 | AC72: 5.05 | AD72: 7 | AE72: 16 | AG72: 4.29 | AH72: 18 | AI72: >99 | AK72: 5.06 | AL72: 7 | AM72: 16 | AO72: 27.16 | AP72: 11 | AQ72: 63 | AS72: 4.26 | AT72: 17 | AU72: 99 | AW72: 27.15 | AX72: 11 | AY72: 63 | BA72: 5.12 | BB72: 15 | BC72: 95
E73: 5.1 | F73: 13 | G73: 84 | I73: 27.16 | J73: 16 | K73: 98 | M73: 4.24 | N73: 18 | O73: >99 | Q73: 27.22 | R73: 12 | S73: 75 | U73: 5.04 | V73: 5 | W73: 5 | Y73: 4.19 | Z73: 17 | AA73: 99 | AC73: 5.06 | AD73: 8 | AE73: 25 | AG73: 4.34 | AH73: 19 | AI73: >99 | AK73: 5.07 | AL73: 8 | AM73: 25 | AO73: 27.17 | AP73: 12 | AQ73: 75 | AS73: 4.28 | AT73: 18 | AU73: >99 | AW73: 27.17 | AX73: 12 | AY73: 75 | BA73: 5.13 | BB73: 16 | BC73: 98
E74: 5.11 | F74: 14 | G74: 91 | I74: 27.18 | J74: 17 | K74: 99 | M74: 4.28 | N74: 19 | O74: >99 | Q74: 27.24 | R74: 13 | S74: 85 | U74: 5.05 | V74: 6 | W74: 9 | Y74: 4.2 | Z74: 18 | AA74: >99 | AC74: 5.07 | AD74: 9 | AE74: 37 | AG74: 5 | AH74: 1 | AI74: <1 | AK74: 5.08 | AL74: 9 | AM74: 37 | AO74: 27.18 | AP74: 13 | AQ74: 85 | AS74: 4.29 | AT74: 19 | AU74: >99 | AW74: 27.18 | AX74: 13 | AY74: 85 | BA74: 5.14 | BB74: 17 | BC74: 99
E75: 5.12 | F75: 15 | G75: 95 | I75: 27.19 | J75: 18 | K75: >99 | M75: 5 | N75: 1 | O75: <1 | Q75: 27.27 | R75: 14 | S75: 91 | U75: 5.06 | V75: 7 | W75: 16 | Y75: 4.22 | Z75: 19 | AA75: >99 | AC75: 5.08 | AD75: 10 | AE75: 50 | AG75: 5.01 | AH75: 2 | AI75: <1 | AK75: 5.09 | AL75: 10 | AM75: 50 | AO75: 27.19 | AP75: 14 | AQ75: 91 | AS75: 5 | AT75: 1 | AU75: <1 | AW75: 27.2 | AX75: 14 | AY75: 91 | BA75: 5.15 | BB75: 18 | BC75: >99
E76: 5.13 | F76: 16 | G76: 98 | I76: 27.21 | J76: 19 | K76: >99 | M76: 5.01 | N76: 2 | O76: <1 | Q76: 27.29 | R76: 15 | S76: 95 | U76: 5.07 | V76: 8 | W76: 25 | Y76: 5 | Z76: 1 | AA76: <1 | AC76: 5.09 | AD76: 11 | AE76: 63 | AG76: 5.03 | AH76: 3 | AI76: 1 | AK76: 5.1 | AL76: 11 | AM76: 63 | AO76: 27.2 | AP76: 15 | AQ76: 95 | AS76: 5.01 | AT76: 2 | AU76: <1 | AW76: 27.21 | AX76: 15 | AY76: 95 | BA76: 5.16 | BB76: 19 | BC76: >99
E77: 5.15 | F77: 17 | G77: 99 | I77: 28 | J77: 1 | K77: <1 | M77: 5.02 | N77: 3 | O77: 1 | Q77: 27.31 | R77: 16 | S77: 98 | U77: 5.08 | V77: 9 | W77: 37 | Y77: 5.01 | Z77: 2 | AA77: <1 | AC77: 5.1 | AD77: 12 | AE77: 75 | AG77: 5.04 | AH77: 4 | AI77: 2 | AK77: 5.12 | AL77: 12 | AM77: 75 | AO77: 27.21 | AP77: 16 | AQ77: 98 | AS77: 5.03 | AT77: 3 | AU77: 1 | AW77: 27.23 | AX77: 16 | AY77: 98 | BA77: 6 | BB77: 1 | BC77: <1
E78: 5.17 | F78: 18 | G78: >99 | I78: 28.01 | J78: 3 | K78: 1 | M78: 5.04 | N78: 4 | O78: 2 | Q78: 27.34 | R78: 17 | S78: 99 | U78: 5.09 | V78: 10 | W78: 50 | Y78: 5.03 | Z78: 3 | AA78: 1 | AC78: 5.11 | AD78: 13 | AE78: 85 | AG78: 5.07 | AH78: 5 | AI78: 5 | AK78: 5.13 | AL78: 13 | AM78: 85 | AO78: 27.23 | AP78: 17 | AQ78: 99 | AS78: 5.04 | AT78: 4 | AU78: 2 | AW78: 27.25 | AX78: 17 | AY78: 99 | BA78: 6.01 | BB78: 3 | BC78: 1
E79: 5.2 | F79: 19 | G79: >99 | I79: 28.02 | J79: 4 | K79: 2 | M79: 5.05 | N79: 5 | O79: 5 | Q79: 27.36 | R79: 18 | S79: >99 | U79: 5.1 | V79: 11 | W79: 63 | Y79: 5.04 | Z79: 4 | AA79: 2 | AC79: 5.12 | AD79: 14 | AE79: 91 | AG79: 5.09 | AH79: 6 | AI79: 9 | AK79: 5.14 | AL79: 14 | AM79: 91 | AO79: 27.24 | AP79: 18 | AQ79: >99 | AS79: 5.08 | AT79: 5 | AU79: 5 | AW79: 27.26 | AX79: 18 | AY79: >99 | BA79: 6.02 | BB79: 4 | BC79: 2
E80: 6 | F80: 1 | G80: <1 | I80: 28.03 | J80: 5 | K80: 5 | M80: 5.07 | N80: 6 | O80: 9 | Q80: 27.39 | R80: 19 | S80: >99 | U80: 5.11 | V80: 12 | W80: 75 | Y80: 5.07 | Z80: 5 | AA80: 5 | AC80: 5.13 | AD80: 15 | AE80: 95 | AG80: 5.12 | AH80: 7 | AI80: 16 | AK80: 5.15 | AL80: 15 | AM80: 95 | AO80: 27.25 | AP80: 19 | AQ80: >99 | AS80: 5.09 | AT80: 6 | AU80: 9 | AW80: 27.28 | AX80: 19 | AY80: >99 | BA80: 6.03 | BB80: 5 | BC80: 5
E81: 6.01 | F81: 3 | G81: 1 | I81: 28.04 | J81: 6 | K81: 9 | M81: 5.08 | N81: 7 | O81: 16 | Q81: 28 | R81: 1 | S81: <1 | U81: 5.12 | V81: 13 | W81: 85 | Y81: 5.08 | Z81: 6 | AA81: 9 | AC81: 5.14 | AD81: 16 | AE81: 98 | AG81: 5.14 | AH81: 8 | AI81: 25 | AK81: 5.17 | AL81: 16 | AM81: 98 | AO81: 28 | AP81: 1 | AQ81: <1 | AS81: 5.11 | AT81: 7 | AU81: 16 | AW81: 28 | AX81: 1 | AY81: <1 | BA81: 6.04 | BB81: 6 | BC81: 9
E82: 6.02 | F82: 4 | G82: 2 | I82: 28.05 | J82: 7 | K82: 16 | M82: 5.1 | N82: 8 | O82: 25 | Q82: 28.01 | R82: 2 | S82: <1 | U82: 5.14 | V82: 14 | W82: 91 | Y82: 5.09 | Z82: 7 | AA82: 16 | AC82: 5.15 | AD82: 17 | AE82: 99 | AG82: 5.16 | AH82: 9 | AI82: 37 | AK82: 5.18 | AL82: 17 | AM82: 99 | AO82: 28.06 | AP82: 2 | AQ82: <1 | AS82: 5.12 | AT82: 8 | AU82: 25 | AW82: 28.02 | AX82: 2 | AY82: <1 | BA82: 6.05 | BB82: 7 | BC82: 16
E83: 6.03 | F83: 5 | G83: 5 | I83: 28.06 | J83: 8 | K83: 25 | M83: 5.11 | N83: 9 | O83: 37 | Q83: 28.02 | R83: 3 | S83: 1 | U83: 5.15 | V83: 15 | W83: 95 | Y83: 5.1 | Z83: 8 | AA83: 25 | AC83: 5.16 | AD83: 18 | AE83: >99 | AG83: 5.17 | AH83: 10 | AI83: 50 | AK83: 5.2 | AL83: 18 | AM83: >99 | AO83: 28.08 | AP83: 3 | AQ83: 1 | AS83: 5.13 | AT83: 9 | AU83: 37 | AW83: 28.03 | AX83: 3 | AY83: 1 | BA83: 6.06 | BB83: 8 | BC83: 25
E84: 6.04 | F84: 6 | G84: 9 | I84: 28.07 | J84: 9 | K84: 37 | M84: 5.13 | N84: 10 | O84: 50 | Q84: 28.04 | R84: 4 | S84: 2 | U84: 5.16 | V84: 16 | W84: 98 | Y84: 5.11 | Z84: 9 | AA84: 37 | AC84: 5.2 | AD84: 19 | AE84: >99 | AG84: 5.19 | AH84: 11 | AI84: 63 | AK84: 5.23 | AL84: 19 | AM84: >99 | AO84: 28.09 | AP84: 4 | AQ84: 2 | AS84: 5.15 | AT84: 10 | AU84: 50 | AW84: 28.05 | AX84: 4 | AY84: 2 | BA84: 6.07 | BB84: 9 | BC84: 37
E85: 6.05 | F85: 7 | G85: 16 | I85: 28.08 | J85: 10 | K85: 50 | M85: 5.15 | N85: 11 | O85: 63 | Q85: 28.06 | R85: 5 | S85: 5 | U85: 5.17 | V85: 17 | W85: 99 | Y85: 5.12 | Z85: 10 | AA85: 50 | AC85: 6 | AD85: 1 | AE85: <1 | AG85: 5.21 | AH85: 12 | AI85: 75 | AK85: 6 | AL85: 1 | AM85: <1 | AO85: 28.1 | AP85: 5 | AQ85: 5 | AS85: 5.17 | AT85: 11 | AU85: 63 | AW85: 28.06 | AX85: 5 | AY85: 5 | BA85: 6.08 | BB85: 10 | BC85: 50
E86: 6.06 | F86: 8 | G86: 25 | I86: 28.1 | J86: 11 | K86: 63 | M86: 5.16 | N86: 12 | O86: 75 | Q86: 28.08 | R86: 6 | S86: 9 | U86: 5.18 | V86: 18 | W86: >99 | Y86: 5.13 | Z86: 11 | AA86: 63 | AC86: 6.01 | AD86: 2 | AE86: <1 | AG86: 5.23 | AH86: 13 | AI86: 85 | AK86: 6.02 | AL86: 2 | AM86: <1 | AO86: 28.11 | AP86: 6 | AQ86: 9 | AS86: 5.19 | AT86: 12 | AU86: 75 | AW86: 28.08 | AX86: 6 | AY86: 9 | BA86: 6.09 | BB86: 11 | BC86: 63
E87: 6.07 | F87: 9 | G87: 37 | I87: 28.11 | J87: 12 | K87: 75 | M87: 5.18 | N87: 13 | O87: 85 | Q87: 28.1 | R87: 7 | S87: 16 | U87: 5.21 | V87: 19 | W87: >99 | Y87: 5.14 | Z87: 12 | AA87: 75 | AC87: 6.02 | AD87: 3 | AE87: 1 | AG87: 5.25 | AH87: 14 | AI87: 91 | AK87: 6.03 | AL87: 3 | AM87: 1 | AO87: 28.12 | AP87: 7 | AQ87: 16 | AS87: 5.2 | AT87: 13 | AU87: 85 | AW87: 28.09 | AX87: 7 | AY87: 16 | BA87: 6.1 | BB87: 12 | BC87: 75
E88: 6.08 | F88: 10 | G88: 50 | I88: 28.12 | J88: 13 | K88: 85 | M88: 5.19 | N88: 14 | O88: 91 | Q88: 28.13 | R88: 8 | S88: 25 | U88: 6 | V88: 1 | W88: <1 | Y88: 5.16 | Z88: 13 | AA88: 85 | AC88: 6.03 | AD88: 4 | AE88: 2 | AG88: 5.27 | AH88: 15 | AI88: 95 | AK88: 6.04 | AL88: 4 | AM88: 2 | AO88: 28.13 | AP88: 8 | AQ88: 25 | AS88: 5.22 | AT88: 14 | AU88: 91 | AW88: 28.11 | AX88: 8 | AY88: 25 | BA88: 6.11 | BB88: 13 | BC88: 85
E89: 6.1 | F89: 10 | G89: 63 | I89: 28.14 | J89: 14 | K89: 91 | M89: 5.21 | N89: 15 | O89: 95 | Q89: 28.15 | R89: 9 | S89: 37 | U89: 6.01 | V89: 2 | W89: <1 | Y89: 5.17 | Z89: 14 | AA89: 91 | AC89: 6.04 | AD89: 5 | AE89: 5 | AG89: 5.29 | AH89: 16 | AI89: 98 | AK89: 6.05 | AL89: 5 | AM89: 5 | AO89: 28.14 | AP89: 9 | AQ89: 37 | AS89: 5.24 | AT89: 15 | AU89: 95 | AW89: 28.12 | AX89: 9 | AY89: 37 | BA89: 6.12 | BB89: 14 | BC89: 91
E90: 6.11 | F90: 12 | G90: 75 | I90: 28.15 | J90: 15 | K90: 95 | M90: 5.23 | N90: 16 | O90: 98 | Q90: 28.17 | R90: 10 | S90: 50 | U90: 6.02 | V90: 3 | W90: 1 | Y90: 5.18 | Z90: 15 | AA90: 95 | AC90: 6.05 | AD90: 6 | AE90: 9 | AG90: 5.31 | AH90: 17 | AI90: 99 | AK90: 6.06 | AL90: 6 | AM90: 9 | AO90: 28.15 | AP90: 10 | AQ90: 50 | AS90: 5.26 | AT90: 16 | AU90: 98 | AW90: 28.14 | AX90: 10 | AY90: 50 | BA90: 6.13 | BB90: 15 | BC90: 95
E91: 6.12 | F91: 13 | G91: 84 | I91: 28.16 | J91: 16 | K91: 98 | M91: 5.24 | N91: 17 | O91: 99 | Q91: 28.2 | R91: 11 | S91: 63 | U91: 6.03 | V91: 4 | W91: 2 | Y91: 5.19 | Z91: 16 | AA91: 98 | AC91: 6.06 | AD91: 7 | AE91: 16 | AG91: 5.35 | AH91: 18 | AI91: >99 | AK91: 6.07 | AL91: 7 | AM91: 16 | AO91: 28.16 | AP91: 11 | AQ91: 63 | AS91: 5.27 | AT91: 17 | AU91: 99 | AW91: 28.15 | AX91: 11 | AY91: 63 | BA91: 6.14 | BB91: 16 | BC91: 98
E92: 6.14 | F92: 14 | G92: 91 | I92: 28.18 | J92: 17 | K92: 99 | M92: 5.26 | N92: 18 | O92: >99 | Q92: 28.22 | R92: 12 | S92: 75 | U92: 6.04 | V92: 5 | W92: 5 | Y92: 5.2 | Z92: 17 | AA92: 99 | AC92: 6.07 | AD92: 8 | AE92: 25 | AG92: 5.36 | AH92: 19 | AI92: >99 | AK92: 6.08 | AL92: 8 | AM92: 25 | AO92: 28.17 | AP92: 12 | AQ92: 75 | AS92: 5.29 | AT92: 18 | AU92: >99 | AW92: 28.17 | AX92: 12 | AY92: 75 | BA92: 6.15 | BB92: 17 | BC92: 99
E93: 6.15 | F93: 15 | G93: 95 | I93: 28.19 | J93: 18 | K93: >99 | M93: 5.3 | N93: 19 | O93: >99 | Q93: 28.24 | R93: 13 | S93: 85 | U93: 6.05 | V93: 6 | W93: 9 | Y93: 5.22 | Z93: 18 | AA93: >99 | AC93: 6.09 | AD93: 9 | AE93: 37 | AG93: 6 | AH93: 1 | AI93: <1 | AK93: 6.09 | AL93: 9 | AM93: 37 | AO93: 28.18 | AP93: 13 | AQ93: 85 | AS93: 5.3 | AT93: 19 | AU93: >99 | AW93: 28.18 | AX93: 13 | AY93: 85 | BA93: 6.16 | BB93: 18 | BC93: >99
E94: 6.17 | F94: 16 | G94: 98 | I94: 28.21 | J94: 19 | K94: >99 | M94: 6 | N94: 1 | O94: <1 | Q94: 28.27 | R94: 14 | S94: 91 | U94: 6.06 | V94: 7 | W94: 16 | Y94: 5.23 | Z94: 19 | AA94: >99 | AC94: 6.1 | AD94: 10 | AE94: 50 | AG94: 6.03 | AH94: 2 | AI94: <1 | AK94: 6.11 | AL94: 10 | AM94: 50 | AO94: 28.19 | AP94: 14 | AQ94: 91 | AS94: 6 | AT94: 1 | AU94: <1 | AW94: 28.2 | AX94: 14 | AY94: 91 | BA94: 6.17 | BB94: 19 | BC94: >99
E95: 6.19 | F95: 17 | G95: 99 | I95: 29 | J95: 1 | K95: <1 | M95: 6.02 | N95: 2 | O95: <1 | Q95: 28.29 | R95: 15 | S95: 95 | U95: 6.07 | V95: 8 | W95: 25 | Y95: 6 | Z95: 1 | AA95: <1 | AC95: 6.11 | AD95: 11 | AE95: 63 | AG95: 6.05 | AH95: 3 | AI95: 1 | AK95: 6.12 | AL95: 11 | AM95: 63 | AO95: 28.2 | AP95: 15 | AQ95: 95 | AS95: 6.02 | AT95: 2 | AU95: <1 | AW95: 28.21 | AX95: 15 | AY95: 95 | BA95: 7 | BB95: 1 | BC95: <1
E96: 6.21 | F96: 18 | G96: >99 | I96: 29.01 | J96: 3 | K96: 1 | M96: 6.03 | N96: 3 | O96: 1 | Q96: 28.31 | R96: 16 | S96: 98 | U96: 6.08 | V96: 9 | W96: 37 | Y96: 6.02 | Z96: 2 | AA96: <1 | AC96: 6.12 | AD96: 12 | AE96: 75 | AG96: 6.11 | AH96: 4 | AI96: 2 | AK96: 6.13 | AL96: 12 | AM96: 75 | AO96: 28.21 | AP96: 16 | AQ96: 98 | AS96: 6.06 | AT96: 3 | AU96: 1 | AW96: 28.23 | AX96: 16 | AY96: 98 | BA96: 7.01 | BB96: 2 | BC96: <1
E97: 6.23 | F97: 19 | G97: >99 | I97: 29.02 | J97: 4 | K97: 2 | M97: 6.04 | N97: 4 | O97: 2 | Q97: 28.34 | R97: 17 | S97: 99 | U97: 6.09 | V97: 10 | W97: 50 | Y97: 6.06 | Z97: 3 | AA97: 1 | AC97: 6.13 | AD97: 13 | AE97: 85 | AG97: 6.13 | AH97: 5 | AI97: 5 | AK97: 6.15 | AL97: 13 | AM97: 85 | AO97: 28.23 | AP97: 17 | AQ97: 99 | AS97: 6.08 | AT97: 4 | AU97: 2 | AW97: 28.25 | AX97: 17 | AY97: 99 | BA97: 7.02 | BB97: 3 | BC97: 1
E98: 7 | F98: 1 | G98: <1 | I98: 29.03 | J98: 5 | K98: 5 | M98: 6.05 | N98: 5 | O98: 5 | Q98: 28.36 | R98: 18 | S98: >99 | U98: 6.11 | V98: 11 | W98: 63 | Y98: 6.07 | Z98: 4 | AA98: 2 | AC98: 6.14 | AD98: 14 | AE98: 91 | AG98: 6.15 | AH98: 6 | AI98: 9 | AK98: 6.16 | AL98: 14 | AM98: 91 | AO98: 28.24 | AP98: 18 | AQ98: >99 | AS98: 6.1 | AT98: 5 | AU98: 5 | AW98: 28.26 | AX98: 18 | AY98: >99 | BA98: 7.03 | BB98: 4 | BC98: 2
E99: 7.01 | F99: 2 | G99: <1 | I99: 29.04 | J99: 6 | K99: 9 | M99: 6.07 | N99: 6 | O99: 9 | Q99: 28.39 | R99: 19 | S99: >99 | U99: 6.12 | V99: 12 | W99: 75 | Y99: 6.08 | Z99: 5 | AA99: 5 | AC99: 6.15 | AD99: 15 | AE99: 95 | AG99: 6.17 | AH99: 7 | AI99: 16 | AK99: 6.17 | AL99: 15 | AM99: 95 | AO99: 28.25 | AP99: 19 | AQ99: >99 | AS99: 6.11 | AT99: 6 | AU99: 9 | AW99: 28.28 | AX99: 19 | AY99: >99 | BA99: 7.04 | BB99: 5 | BC99: 5
E100: 7.02 | F100: 3 | G100: 1 | I100: 29.05 | J100: 7 | K100: 16 | M100: 6.09 | N100: 7 | O100: 16 | Q100: 29 | R100: 1 | S100: <1 | U100: 6.13 | V100: 13 | W100: 85 | Y100: 6.09 | Z100: 6 | AA100: 9 | AC100: 6.16 | AD100: 16 | AE100: 98 | AG100: 6.19 | AH100: 8 | AI100: 25 | AK100: 6.19 | AL100: 16 | AM100: 98 | AO100: 29 | AP100: 1 | AQ100: <1 | AS100: 6.13 | AT100: 7 | AU100: 16 | AW100: 29 | AX100: 1 | AY100: <1 | BA100: 7.05 | BB100: 6 | BC100: 9
E101: 7.03 | F101: 4 | G101: 2 | I101: 29.06 | J101: 8 | K101: 25 | M101: 6.11 | N101: 8 | O101: 25 | Q101: 29.01 | R101: 2 | S101: <1 | U101: 6.15 | V101: 14 | W101: 91 | Y101: 6.11 | Z101: 7 | AA101: 16 | AC101: 6.18 | AD101: 17 | AE101: 99 | AG101: 6.21 | AH101: 9 | AI101: 37 | AK101: 6.22 | AL101: 17 | AM101: 99 | AO101: 29.06 | AP101: 2 | AQ101: <1 | AS101: 6.15 | AT101: 8 | AU101: 25 | AW101: 29.02 | AX101: 2 | AY101: <1 | BA101: 7.06 | BB101: 7 | BC101: 16
...

Sheet Other Metrics
B1: Standard Score for BDI-2 | C1: Pct Rank for BDI-2 | D1: NCE for BDI-2 | E1: Scaled Score for BDI-2 | F1: z-Score Values | G1: T-Score Values
B2: 45 | C2: <1 | D2: <1 | F2: -3.67 | G2: 13
B3: 46 | C3: <1 | D3: <1 | F3: -3.6 | G3: 14
B4: 47 | C4: <1 | D4: <1 | F4: -3.53 | G4: 15
B5: 48 | C5: <1 | D5: <1 | F5: -3.47 | G5: 15
B6: 49 | C6: <1 | D6: <1 | F6: -3.4 | G6: 16
B7: 50 | C7: <1 | D7: <1 | F7: -3.33 | G7: 17
B8: 51 | C8: <1 | D8: <1 | F8: -3.27 | G8: 17
B9: 52 | C9: 0.1 | D9: <1 | F9: -3.2 | G9: 18
B10: 53 | C10: 0.1 | D10: <1 | F10: -3.13 | G10: 19
B11: 54 | C11: 0.1 | D11: <1 | F11: -3.07 | G11: 19
B12: 55 | C12: 0.1 | D12: <1 | E12: 1 | F12: -3 | G12: 20
B13: 56 | C13: 0.2 | D13: <1 | F13: -2.93 | G13: 21
B14: 57 | C14: 0.2 | D14: <1 | F14: -2.87 | G14: 21
B15: 58 | C15: 0.3 | D15: <1 | F15: -2.8 | G15: 22
B16: 59 | C16: 0.3 | D16: <1 | F16: -2.73 | G16: 23
B17: 60 | C17: 0.4 | D17: <1 | E17: 2 | F17: -3.67 | G17: 23
B18: 61 | C18: 0.5 | D18: <1 | F18: -2.6 | G18: 24
B19: 62 | C19: 1 | D19: <1 | F19: -3.53 | G19: 25
B20: 63 | C20: 1 | D20: <1 | F20: -2.47 | G20: 25
B21: 64 | C21: 1 | D21: <1 | F21: -2.4 | G21: 26
B22: 65 | C22: 1 | D22: 1 | E22: 3 | F22: -2.33 | G22: 27
B23: 66 | C23: 1 | D23: 2 | F23: -2.27 | G23: 27
B24: 67 | C24: 1 | D24: 4 | F24: -2.2 | G24: 28
B25: 68 | C25: 2 | D25: 5 | F25: -2.13 | G25: 29
B26: 69 | C26: 2 | D26: 6 | F26: -2.07 | G26: 29
B27: 70 | C27: 2 | D27: 8 | E27: 4 | F27: -2 | G27: 30
B28: 71 | C28: 3 | D28: 9 | F28: -1.93 | G28: 31
B29: 72 | C29: 3 | D29: 11 | F29: -1.87 | G29: 31
B30: 73 | C30: 4 | D30: 12 | F30: -1.8 | G30: 32
B31: 74 | C31: 4 | D31: 13 | F31: -1.73 | G31: 33
B32: 75 | C32: 5 | D32: 15 | E32: 5 | F32: -1.67 | G32: 33
B33: 76 | C33: 5 | D33: 16 | F33: -1.6 | G33: 34
B34: 77 | C34: 6 | D34: 18 | F34: -1.53 | G34: 35
B35: 78 | C35: 7 | D35: 19 | F35: -1.47 | G35: 35
B36: 79 | C36: 8 | D36: 21 | F36: -1.4 | G36: 36
B37: 80 | C37: 9 | D37: 22 | E37: 6 | F37: -1.33 | G37: 37
B38: 81 | C38: 10 | D38: 23 | F38: -1.27 | G38: 37
B39: 82 | C39: 12 | D39: 25 | F39: -1.2 | G39: 38
B40: 83 | C40: 13 | D40: 26 | F40: -1.13 | G40: 39
B41: 84 | C41: 14 | D41: 28 | F41: -1.07 | G41: 39
B42: 85 | C42: 16 | D42: 29 | E42: 7 | F42: -1 | G42: 40
B43: 86 | C43: 18 | D43: 30 | F43: -0.93 | G43: 41
B44: 87 | C44: 19 | D44: 32 | F44: -0.87 | G44: 41
B45: 88 | C45: 21 | D45: 33 | F45: -0.8 | G45: 42
B46: 89 | C46: 23 | D46: 35 | F46: -0.73 | G46: 43
B47: 90 | C47: 25 | D47: 36 | E47: 8 | F47: -0.67 | G47: 43
B48: 91 | C48: 27 | D48: 37 | F48: -0.6 | G48: 44
B49: 92 | C49: 30 | D49: 39 | F49: -0.53 | G49: 45
B50: 93 | C50: 32 | D50: 40 | F50: -0.47 | G50: 45
B51: 94 | C51: 34 | D51: 42 | F51: -0.4 | G51: 46
B52: 95 | C52: 37 | D52: 43 | E52: 9 | F52: -0.33 | G52: 47
B53: 96 | C53: 39 | D53: 44 | F53: -0.27 | G53: 47
B54: 97 | C54: 42 | D54: 46 | F54: -0.2 | G54: 48
B55: 98 | C55: 45 | D55: 47 | F55: -0.13 | G55: 49
B56: 99 | C56: 47 | D56: 49 | F56: .0.07 | G56: 49
B57: 100 | C57: 50 | D57: 50 | E57: 10 | F57: 0 | G57: 50
B58: 101 | C58: 53 | D58: 51 | F58: 0.07 | G58: 51
B59: 102 | C59: 55 | D59: 53 | F59: 0.13 | G59: 51
B60: 103 | C60: 58 | D60: 54 | F60: 0.2 | G60: 52
B61: 104 | C61: 61 | D61: 56 | F61: 0.27 | G61: 53
B62: 105 | C62: 63 | D62: 57 | E62: 11 | F62: 0.33 | G62: 53
B63: 106 | C63: 66 | D63: 58 | F63: 0.4 | G63: 54
B64: 107 | C64: 68 | D64: 60 | F64: 0.47 | G64: 55
B65: 108 | C65: 70 | D65: 61 | F65: 0.53 | G65: 55
B66: 109 | C66: 73 | D66: 63 | F66: 0.6 | G66: 56
B67: 110 | C67: 75 | D67: 64 | E67: 12 | F67: 0.67 | G67: 57
B68: 111 | C68: 77 | D68: 65 | F68: 0.73 | G68: 57
B69: 112 | C69: 79 | D69: 67 | F69: 0.8 | G69: 58
B70: 113 | C70: 81 | D70: 68 | F70: 0.87 | G70: 59
B71: 114 | C71: 82 | D71: 70 | F71: 0.93 | G71: 59
B72: 115 | C72: 84 | D72: 71 | E72: 13 | F72: 1 | G72: 60
B73: 116 | C73: 86 | D73: 72 | F73: 1.07 | G73: 61
B74: 117 | C74: 87 | D74: 74 | F74: 1.13 | G74: 61
B75: 118 | C75: 88 | D75: 75 | F75: 1.2 | G75: 62
B76: 119 | C76: 90 | D76: 77 | F76: 1.27 | G76: 63
B77: 120 | C77: 91 | D77: 78 | E77: 14 | F77: 1.33 | G77: 63
B78: 121 | C78: 92 | D78: 79 | F78: 1.4 | G78: 64
B79: 122 | C79: 93 | D79: 81 | F79: 1.47 | G79: 65
B80: 123 | C80: 94 | D80: 82 | F80: 1.53 | G80: 65
B81: 124 | C81: 95 | D81: 84 | F81: 1.6 | G81: 66
B82: 125 | C82: 95 | D82: 85 | E82: 15 | F82: 1.67 | G82: 67
B83: 126 | C83: 96 | D83: 84 | F83: 1.73 | G83: 67
B84: 127 | C84: 96 | D84: 88 | F84: 1.8 | G84: 68
B85: 128 | C85: 97 | D85: 89 | F85: 1.87 | G85: 69
B86: 129 | C86: 97 | D86: 91 | F86: 1.93 | G86: 69
B87: 130 | C87: 98 | D87: 92 | E87: 16 | F87: 2 | G87: 40
B88: 131 | C88: 98 | D88: 94 | F88: 2.07 | G88: 71
B89: 132 | C89: 98 | D89: 95 | F89: 2.13 | G89: 71
B90: 133 | C90: 99 | D90: 96 | F90: 2.2 | G90: 72
B91: 134 | C91: 99 | D91: 98 | F91: 2.27 | G91: 73
B92: 135 | C92: 99 | D92: 99 | E92: 17 | F92: 2.33 | G92: 73
B93: 136 | C93: 99 | D93: >99 | F93: 2.4 | G93: 74
B94: 137 | C94: 99 | D94: >99 | F94: 2.47 | G94: 75
B95: 138 | C95: 99 | D95: >99 | F95: 2.53 | G95: 75
B96: 139 | C96: 99.5 | D96: >99 | F96: 2.6 | G96: 76
B97: 140 | C97: 99.6 | D97: >99 | E97: 18 | F97: 2.67 | G97: 77
B98: 141 | C98: 99.7 | D98: >99 | F98: 2.73 | G98: 77
B99: 142 | C99: 99.7 | D99: >99 | F99: 2.8 | G99: 78
B100: 143 | C100: 99.8 | D100: >99 | F100: 2.87 | G100: 79
...

Sheet DQs
C1: =_xlfn.CONCAT("DQ.ADP_",IF(AND(Summary!$L$8>0,Summary!$L$8<=23),"0_23_Months",IF(AND(Summary!$L$8>=24,Summary!$L$8<=71),"24_71_Months","??"))) -> DQ.ADP_24_71_Months | L1: =_xlfn.CONCAT("DQ.PS_",IF(AND(Summary!$L$8>0,Summary!$L$8<=23),"0_23_Months",IF(AND(Summary!$L$8>=24,Summary!$L$8<=71),"24_71_Months","??"))) -> DQ.PS_24_71_Months | U1: =_xlfn.CONCAT("DQ.COM_",IF(AND(Summary!$L$8>0,Summary!$L$8<=23),"0_23_Months",IF(AND(Summary!$L$8>=24,Summary!$L$8<=71),"24_71_Months","??"))) -> DQ.COM_24_71_Months | AD1: =_xlfn.CONCAT("DQ.MOT_",IF(AND(Summary!$L$8>0,Summary!$L$8<=23),"0_23_Months",IF(AND(Summary!$L$8>=24,Summary!$L$8<=71),"24_71_Months","??"))) -> DQ.MOT_24_71_Months | AM1: =_xlfn.CONCAT("DQ.COG_",IF(AND(Summary!$L$8>0,Summary!$L$8<=23),"0_23_Months",IF(AND(Summary!$L$8>=24,Summary!$L$8<=71),"24_71_Months","??"))) -> DQ.COG_24_71_Months
B2: Adaptive (ADP) | K2: Personal-Social (P-S) | T2: Commuication (COM) | AC2: Motor (MOT) | AL2: Cognative (COG)
B4: 0-23 Months | F4: 24-71 Months | K4: 0-23 Months | O4: 24-71 Months | T4: 0-23 Months | X4: 24-71 Months | AC4: 0-23 Months | AG4: 24-71 Months | AL4: 0-23 Months | AP4: 24-71 Months
B5: DQ.ADP_0_11_Months | F5: DQ.ADP_24_71_Months | T5: DQ.COM_0_23_Months | X5: DQ.COM_24_71_Months | AC5: DQ.MOT_0_23_Months | AG5: DQ.MOT_24_71_Months | AL5: DQ.COG_0_23_Months | AP5: DQ.COG_24_71_Months
B6: Sum of SS | C6: DQ | D6: 95% CI | E6: % Rank | F6: Sum of SS | G6: DQ | H6: 95% CI | I6: % Rank | K6: Sum of SS | L6: DQ | M6: 95% CI | N6: % Rank | O6: Sum of SS | P6: DQ | Q6: 95% CI | R6: % Rank | T6: Sum of SS | U6: DQ | V6: 95% CI | W6: % Rank | X6: Sum of SS | Y6: DQ | Z6: 95% CI | AA6: % Rank | AC6: Sum of SS | AD6: DQ | AE6: 95% CI | AF6: % Rank | AG6: Sum of SS | AH6: DQ | AI6: 95% CI | AJ6: % Rank | AL6: Sum of SS | AM6: DQ | AN6: 95% CI | AO6: % Rank | AP6: Sum of SS | AQ6: DQ | AR6: 95% CI | AS6: % Rank
B7: 1 | C7: 55 | D7: 52-70 | E7: 0.1 | F7: 2 | G7: 55 | H7: 51-67 | I7: 0.1 | K7: 2 | L7: 55 | M7: 52-70 | N7: 0.1 | O7: 3 | P7: 55 | Q7: 51-61 | R7: 0.1 | T7: 2 | U7: 55 | V7: 51-65 | W7: 0.1 | X7: 2 | Y7: 55 | Z7: 51-63 | AA7: 0.1 | AC7: 2 | AD7: 55 | AE7: 51-63 | AF7: 0.1 | AG7: 2 | AL7: 2 | AM7: 55 | AN7: 51-69 | AO7: 0.1 | AP7: 2
B8: 2 | C8: 60 | D8: 56-74 | E8: 0.4 | F8: 3 | G8: 58 | H8: 53-69 | I8: 0.3 | K8: 3 | L8: 57 | M8: 52*65 | N8: 0.2 | O8: 4 | P8: 58 | Q8: 54-64 | R8: 0.3 | T8: 3 | U8: 57 | V8: 53-67 | W8: 0.2 | X8: 3 | Y8: 58 | Z8: 54-66 | AA8: 0.3 | AC8: 3 | AD8: 57 | AE8: 53-65 | AF8: 0.2 | AG8: 3 | AH8: 55 | AI8: 51-67 | AJ8: 0.1 | AL8: 3 | AM8: 55 | AN8: 51-36 | AO8: 0.1 | AP8: 3 | AQ8: 55 | AR8: 51-65 | AS8: 0.1
B9: 3 | C9: 65 | D9: 61-79 | E9: 1 | F9: 4 | G9: 61 | H9: 56-72 | I9: 0.5 | K9: 4 | L9: 59 | M9: 55-67 | N9: 3 | O9: 5 | P9: 61 | Q9: 57-67 | R9: 0.5 | T9: 4 | U9: 59 | V9: 55-69 | W9: 0.3 | X9: 4 | Y9: 61 | Z9: 57-69 | AA9: 0.5 | AC9: 4 | AD9: 59 | AE9: 55-67 | AF9: 0.3 | AG9: 4 | AH9: 56 | AI9: 52-68 | AJ9: 0.2 | AL9: 4 | AM9: 56 | AN9: 52-70 | AO9: 0.2 | AP9: 4 | AQ9: 57 | AR9: 53-67 | AS9: 0.2
B10: 4 | C10: 70 | D10: 65-83 | E10: 2 | F10: 5 | G10: 64 | H10: 59-75 | I10: 1 | K10: 5 | L10: 62 | M10: 58-70 | N10: 1 | O10: 6 | P10: 64 | Q10: 60-70 | R10: 1 | T10: 5 | U10: 61 | V10: 57-71 | W10: 0.5 | X10: 5 | Y10: 63 | Z10: 58-70 | AA10: 1 | AC10: 5 | AD10: 61 | AE10: 57-69 | AF10: 0.5 | AG10: 5 | AH10: 57 | AI10: 52-68 | AJ10: 0.2 | AL10: 5 | AM10: 57 | AN10: 53-71 | AO10: 2 | AP10: 5 | AQ10: 58 | AR10: 54-68 | AS10: 0.3
B11: 5 | C11: 75 | D11: 69-87 | E11: 5 | F11: 6 | G11: 67 | H11: 62-78 | I11: 1 | K11: 6 | L11: 65 | M11: 61-73 | N11: 1 | O11: 7 | P11: 67 | Q11: 63-73 | R11: 1 | T11: 6 | U11: 63 | V11: 59-73 | W11: 1 | X11: 6 | Y11: 66 | Z11: 61-73 | AA11: 1 | AC11: 6 | AD11: 64 | AE11: 60-72 | AF11: 1 | AG11: 6 | AH11: 58 | AI11: 53-69 | AJ11: 0.3 | AL11: 6 | AM11: 58 | AN11: 54-72 | AO11: 0.3 | AP11: 6 | AQ11: 59 | AR11: 54-68 | AS11: 0.3
B12: 6 | C12: 80 | D12: 74-92 | E12: 9 | F12: 7 | G12: 70 | H12: 64-80 | I12: 2 | K12: 7 | L12: 67 | M12: 63-75 | N12: 1 | O12: 8 | P12: 70 | Q12: 66-76 | R12: 2 | T12: 7 | U12: 65 | V12: 60-74 | W12: 1 | X12: 7 | Y12: 69 | Z12: 64-76 | AA12: 2 | AC12: 7 | AD12: 66 | AE12: 62-74 | AF12: 1 | AG12: 7 | AH12: 59 | AI12: 54-70 | AJ12: 0.3 | AL12: 7 | AM12: 59 | AN12: 55-73 | AO12: 0.2 | AP12: 7 | AQ12: 60 | AR12: 55-69 | AS12: 0.4
B13: 7 | C13: 85 | D13: 78-96 | E13: 16 | F13: 8 | G13: 73 | H13: 67-83 | I13: 4 | K13: 8 | L13: 70 | M13: 66-78 | N13: 2 | O13: 9 | P13: 73 | Q13: 69-79 | R13: 4 | T13: 8 | U13: 67 | V13: 62-76 | W13: 1 | X13: 8 | Y13: 72 | Z13: 67-79 | AA13: 3 | AC13: 8 | AD13: 69 | AE13: 65-77 | AF13: 2 | AG13: 8 | AH13: 61 | AI13: 56-72 | AJ13: 0.5 | AL13: 8 | AM13: 61 | AN13: 56-74 | AO13: 0.5 | AP13: 8 | AQ13: 61 | AR13: 56-70 | AS13: 0.5
B14: 8 | C14: 90 | D14: 82-100 | E14: 25 | F14: 9 | G14: 76 | H14: 70-86 | I14: 5 | K14: 9 | L14: 72 | M14: 67-79 | N14: 3 | O14: 10 | P14: 74 | Q14: 70-80 | R14: 4 | T14: 9 | U14: 70 | V14: 65-79 | W14: 2 | X14: 9 | Y14: 75 | Z14: 70-82 | AA14: 5 | AC14: 9 | AD14: 71 | AE14: 66-78 | AF14: 3 | AG14: 9 | AH14: 62 | AI14: 57-73 | AJ14: 1 | AL14: 9 | AM14: 64 | AN14: 60-72 | AO14: 1 | AP14: 9 | AQ14: 62 | AR14: 57-71 | AS14: 1
B15: 9 | C15: 95 | D15: 87-105 | E15: 37 | F15: 10 | G15: 78 | H15: 72-88 | I15: 7 | K15: 10 | L15: 75 | M15: 70-82 | N15: 5 | O15: 11 | P15: 76 | Q15: 72-82 | R15: 5 | T15: 10 | U15: 73 | V15: 68-82 | W15: 4 | X15: 10 | Y15: 78 | Z15: 73-85 | AA15: 7 | AC15: 10 | AD15: 74 | AE15: 69-81 | AF15: 4 | AG15: 10 | AH15: 64 | AI15: 59-75 | AJ15: 1 | AL15: 10 | AM15: 67 | AN15: 62-80 | AO15: 1 | AP15: 10 | AQ15: 64 | AR15: 59-73 | AS15: 1
B16: 10 | C16: 100 | D16: 91-109 | E16: 50 | F16: 11 | G16: 80 | H16: 74-90 | I16: 9 | K16: 11 | L16: 77 | M16: 72-84 | N16: 6 | O16: 12 | P16: 77 | Q16: 73-83 | R16: 6 | T16: 11 | U16: 76 | V16: 71-85 | W16: 5 | X16: 11 | Y16: 81 | Z16: 76-88 | AA16: 10 | AC16: 11 | AD16: 77 | AE16: 72-84 | AF16: 6 | AG16: 11 | AH16: 66 | AI16: 61-77 | AJ16: 1 | AL16: 11 | AM16: 71 | AN16: 65-83 | AO16: 3 | AP16: 11 | AQ16: 66 | AR16: 61-75 | AS16: 1
B17: 11 | C17: 105 | D17: 95-113 | E17: 63 | F17: 12 | G17: 82 | H17: 75-91 | I17: 12 | K17: 12 | L17: 80 | M17: 75-87 | N17: 9 | O17: 13 | P17: 78 | Q17: 74-84 | R17: 7 | T17: 12 | U17: 78 | V17: 73-87 | W17: 7 | X17: 12 | Y17: 83 | Z17: 78-90 | AA17: 13 | AC17: 12 | AD17: 78 | AE17: 73-87 | AF17: 7 | AG17: 12 | AH17: 68 | AI17: 63-79 | AJ17: 2 | AL17: 12 | AM17: 74 | AN17: 68-86 | AO17: 4 | AP17: 12 | AQ17: 68 | AR17: 63-77 | AS17: 2
B18: 12 | C18: 110 | D18: 100-118 | E18: 75 | F18: 13 | G18: 84 | H18: 77-93 | I18: 14 | K18: 13 | L18: 82 | M18: 77-89 | N18: 12 | O18: 14 | P18: 79 | Q18: 75-85 | R18: 8 | T18: 13 | U18: 81 | V18: 75-89 | W18: 10 | X18: 13 | Y18: 85 | Z18: 80-92 | AA18: 16 | AC18: 13 | AD18: 82 | AE18: 77-89 | AF18: 12 | AG18: 13 | AH18: 70 | AI18: 64-80 | AJ18: 2 | AL18: 13 | AM18: 77 | AN18: 71-89 | AO18: 6 | AP18: 13 | AQ18: 70 | AR18: 65-79 | AS18: 2
B19: 13 | C19: 115 | D19: 104-122 | E19: 84 | F19: 14 | G19: 87 | H19: 80-96 | I19: 19 | K19: 14 | L19: 85 | M19: 80-92 | N19: 16 | O19: 15 | P19: 81 | Q19: 77-87 | R19: 10 | T19: 14 | U19: 84 | V19: 78-92 | W19: 14 | X19: 14 | Y19: 88 | Z19: 82-94 | AA19: 21 | AC19: 14 | AD19: 84 | AE19: 79-91 | AF19: 14 | AG19: 14 | AH19: 71 | AI19: 65-81 | AJ19: 3 | AL19: 14 | AM19: 80 | AN19: 73-91 | AO19: 9 | AP19: 14 | AQ19: 71 | AR19: 66-80 | AS19: 3
... B25: 19 | C25: 145 | D25: 130-148 | E25: 99.9 | F25: 20 | G25: 100 | H25: 92-108 | I25: 50 | K25: 20 | L25: 100 | M25: 94-106 | N25: 50 | O25: 21 | P25: 88 | Q25: 83-93 | R25: 21 | T25: 20 | U25: 100 | V25: 93-107 | W25: 50 | X25: 20 | Y25: 100 | Z25: 94-106 | AA25: 50 | AC25: 20 | AD25: 100 | AE25: 94-106 | AF25: 50 | AG25: 20 | AH25: 82 | AI25: 75-91 | AJ25: 12 | AL25: 20 | AM25: 100 | AN25: 91-106 | AO25: 50 | AP25: 20 | AQ25: 82 | AR25: 76-90 | AS25: 12
F26: 21 | G26: 102 | H26: 94-110 | I26: 55 | K26: 21 | L26: 103 | M26: 97-109 | N26: 58 | O26: 22 | P26: 90 | Q26: 85-95 | R26: 25 | T26: 21 | U26: 103 | V26: 96-110 | W26: 58 | X26: 21 | Y26: 102 | Z26: 96-108 | AA26: 55 | AC26: 21 | AD26: 103 | AE26: 97-109 | AF26: 58 | AG26: 21 | AH26: 84 | AI26: 77-93 | AJ26: 14 | AL26: 21 | AM26: 103 | AN26: 94-112 | AO26: 58 | AP26: 21 | AQ26: 84 | AR26: 78-92 | AS26: 14
F27: 22 | G27: 104 | H27: 96-112 | I27: 61 | K27: 22 | L27: 105 | M27: 99-111 | N27: 63 | O27: 23 | P27: 91 | Q27: 86-96 | R27: 27 | T27: 22 | U27: 105 | V27: 98-112 | W27: 63 | X27: 22 | Y27: 104 | Z27: 98-110 | AA27: 61 | AC27: 22 | AD27: 105 | AE27: 99-111 | AF27: 63 | AG27: 22 | AH27: 86 | AI27: 79-95 | AJ27: 18 | AL27: 22 | AM27: 107 | AN27: 97-115 | AO27: 68 | AP27: 22 | AQ27: 86 | AR27: 80-94 | AS27: 18
F28: 23 | G28: 107 | H28: 98-114 | I28: 68 | K28: 23 | L28: 108 | M28: 102-114 | N28: 70 | O28: 24 | P28: 92 | Q28: 87-97 | R28: 30 | T28: 23 | U28: 106 | V28: 100-114 | W28: 70 | X28: 23 | Y28: 106 | Z28: 100-112 | AA28: 66 | AC28: 23 | AD28: 108 | AE28: 102-114 | AF28: 70 | AG28: 23 | AH28: 87 | AI28: 80-96 | AJ28: 19 | AL28: 23 | AM28: 110 | AN28: 100-118 | AO28: 75 | AP28: 23 | AQ28: 87 | AR28: 81-95 | AS28: 19
F29: 24 | G29: 109 | H29: 100-116 | I29: 73 | K29: 24 | L29: 110 | M29: 104-116 | N29: 75 | O29: 25 | P29: 94 | Q29: 89-99 | R29: 34 | T29: 24 | U29: 111 | V29: 103-117 | W29: 77 | X29: 24 | Y29: 108 | Z29: 102-114 | AA29: 70 | AC29: 24 | AD29: 110 | AE29: 104-116 | AF29: 75 | AG29: 24 | AH29: 89 | AI29: 82-98 | AJ29: 23 | AL29: 24 | AM29: 113 | AN29: 106-118 | AO29: 81 | AP29: 24 | AQ29: 89 | AR29: 83-97 | AS29: 27
F30: 25 | G30: 111 | H30: 102-118 | I30: 77 | K30: 25 | L30: 113 | M30: 106-118 | N30: 81 | O30: 26 | P30: 95 | Q30: 90-100 | R30: 37 | T30: 25 | U30: 114 | V30: 106-120 | W30: 82 | X30: 25 | Y30: 110 | Z30: 104-116 | AA30: 76 | AC30: 25 | AD30: 113 | AE30: 106-118 | AF30: 81 | AG30: 25 | AH30: 91 | AI30: 84-100 | AJ30: 27 | AL30: 25 | AM30: 115 | AN30: 105-123 | AO30: 86 | AP30: 25 | AQ30: 91 | AR30: 85-99 | AS30: 27
F31: 26 | G31: 113 | H31: 104-120 | I31: 81 | K31: 26 | L31: 115 | M31: 108-120 | N31: 84 | O31: 27 | P31: 96 | Q31: 91-101 | R31: 39 | T31: 26 | U31: 116 | V31: 108-122 | W31: 86 | X31: 26 | Y31: 112 | Z31: 106-118 | AA31: 79 | AC31: 26 | AD31: 116 | AE31: 109-121 | AF31: 86 | AG31: 26 | AH31: 93 | AI31: 86-102 | AJ31: 32 | AL31: 26 | AM31: 119 | AN31: 109-127 | AO31: 91 | AP31: 26 | AQ31: 93 | AR31: 86-100 | AS31: 32
F32: 27 | G32: 116 | H32: 107-123 | I32: 86 | K32: 27 | L32: 118 | M32: 111-123 | N32: 88 | O32: 28 | P32: 97 | Q32: 92-102 | R32: 42 | T32: 27 | U32: 119 | V32: 111-125 | W32: 90 | X32: 27 | Y32: 115 | Z32: 108-120 | AA32: 84 | AC32: 27 | AD32: 118 | AE32: 111-123 | AF32: 88 | AG32: 27 | AH32: 95 | AI32: 87-103 | AJ32: 37 | AL32: 27 | AM32: 123 | AN32: 111-128 | AO32: 94 | AP32: 27 | AQ32: 95 | AR32: 88-102 | AS32: 37
F33: 28 | G33: 118 | H33: 109-125 | I33: 88 | K33: 28 | L33: 120 | M33: 113-125 | N33: 91 | O33: 29 | P33: 99 | Q33: 94-104 | R33: 47 | T33: 28 | U33: 122 | V33: 113-127 | W33: 93 | X33: 28 | Y33: 117 | Z33: 110-122 | AA33: 87 | AC33: 28 | AD33: 121 | AE33: 114-126 | AF33: 92 | AG33: 28 | AH33: 96 | AI33: 88-104 | AJ33: 39 | AL33: 28 | AM33: 126 | AN33: 114-132 | AO33: 97 | AP33: 28 | AQ33: 98 | AR33: 89-103 | AS33: 39
F34: 29 | G34: 120 | H34: 110-126 | I34: 91 | K34: 29 | L34: 123 | M34: 116-128 | N34: 94 | O34: 30 | P34: 100 | Q34: 95-105 | R34: 50 | T34: 29 | U34: 124 | V34: 115-129 | W34: 95 | X34: 29 | Y34: 119 | Z34: 112-124 | AA34: 90 | AC34: 29 | AD34: 123 | AE34: 116-128 | AF34: 94 | AG34: 29 | AH34: 98 | AI34: 90-106 | AJ34: 45 | AL34: 29 | AM34: 129 | AN34: 117-135 | AO34: 97 | AP34: 29 | AQ34: 98 | AR34: 91-105 | AS34: 45
F35: 30 | G35: 122 | H35: 112-128 | I35: 93 | K35: 30 | L35: 125 | M35: 118-130 | N35: 95 | O35: 31 | P35: 101 | Q35: 96-106 | R35: 53 | T35: 30 | U35: 127 | V35: 118-132 | W35: 96 | X35: 30 | Y35: 121 | Z35: 114-126 | AA35: 92 | AC35: 30 | AD35: 126 | AE35: 119-131 | AF35: 96 | AG35: 30 | AH35: 100 | AI35: 92-108 | AJ35: 50 | AL35: 30 | AM35: 133 | AN35: 120-138 | AO35: 99 | AP35: 30 | AQ35: 100 | AR35: 93-107 | AS35: 50
F36: 31 | G36: 124 | H36: 114-130 | I36: 95 | K36: 31 | L36: 128 | M36: 121-133 | N36: 97 | O36: 32 | P36: 103 | Q36: 98-108 | R36: 58 | T36: 31 | U36: 130 | V36: 121-135 | W36: 98 | X36: 31 | Y36: 124 | Z36: 117-129 | AA36: 95 | AC36: 31 | AD36: 129 | AE36: 122-134 | AF36: 97 | AG36: 31 | AH36: 102 | AI36: 94-110 | AJ36: 55 | AL36: 31 | AM36: 136 | AN36: 123-141 | AO36: 99 | AP36: 31 | AQ36: 102 | AR36: 95-109 | AS36: 55
F37: 32 | G37: 127 | H37: 117-133 | I37: 96 | K37: 32 | L37: 130 | M37: 123-135 | N37: 98 | O37: 33 | P37: 104 | Q37: 99-109 | R37: 61 | T37: 32 | U37: 133 | V37: 124-138 | W37: 99 | X37: 32 | Y37: 127 | Z37: 120-132 | AA37: 96 | AC37: 32 | AD37: 131 | AE37: 123-135 | AF37: 98 | AG37: 32 | AH37: 104 | AI37: 96-112 | AJ37: 61 | AL37: 32 | AM37: 139 | AN37: 126-144 | AO37: 99.5 | AP37: 32 | AQ37: 104 | AR37: 97-111 | AS37: 61
... F43: 38 | G43: 145 | H43: 133-149 | I43: 99.9 | K43: 38 | L43: 145 | M43: 137-149 | N43: 99.9 | O43: 39 | P43: 112 | Q43: 107-117 | R43: 79 | T43: 38 | U43: 145 | V43: 136-149 | W43: 99.9 | X43: 38 | Y43: 145 | Z43: 133-149 | AA43: 99.9 | AC43: 38 | AD43: 145 | AE43: 137-149 | AF43: 99.9 | AG43: 38 | AH43: 114 | AI43: 105-121 | AJ43: 82 | AL43: 38 | AM43: 145 | AN43: 131-149 | AO43: 99.9 | AP43: 38 | AQ43: 114 | AR43: 106-120 | AS43: 82
O44: 40 | P44: 113 | Q44: 108-118 | R44: 81 | AG44: 39 | AH44: 116 | AI44: 107-123 | AJ44: 88 | AP44: 39 | AQ44: 116 | AR44: 108-122 | AS44: 86
O45: 41 | P45: 114 | Q45: 109-119 | R45: 82 | AG45: 40 | AH45: 118 | AI45: 109-125 | AJ45: 88 | AP45: 40 | AQ45: 119 | AR45: 110-124 | AS45: 88
O46: 42 | P46: 115 | Q46: 110-120 | R46: 84 | AG46: 41 | AH46: 120 | AI46: 110-126 | AJ46: 91 | AP46: 41 | AQ46: 120 | AR46: 112-126 | AS46: 91
O47: 43 | P47: 117 | Q47: 111-121 | R47: 87 | AG47: 42 | AH47: 121 | AI47: 111-127 | AJ47: 92 | AP47: 42 | AQ47: 122 | AR47: 114-128 | AS47: 93
O48: 44 | P48: 118 | Q48: 112-122 | R48: 88 | AG48: 43 | AH48: 123 | AI48: 113-129 | AJ48: 94 | AP48: 43 | AQ48: 123 | AR48: 115-129 | AS48: 94
O49: 45 | P49: 119 | Q49: 113-123 | R49: 90 | AG49: 44 | AH49: 125 | AI49: 115-131 | AJ49: 95 | AP49: 44 | AQ49: 125 | AR49: 117-131 | AS49: 95
O50: 46 | P50: 121 | Q50: 115-125 | R50: 92 | AG50: 45 | AH50: 127 | AI50: 117-133 | AJ50: 96 | AP50: 45 | AQ50: 127 | AR50: 118-132 | AS50: 96
O51: 47 | P51: 122 | Q51: 116-126 | R51: 93 | AG51: 46 | AH51: 129 | AI51: 119-135 | AJ51: 97 | AP51: 46 | AQ51: 129 | AR51: 121-135 | AS51: 98
O52: 48 | P52: 123 | Q52: 117-127 | R52: 94 | AG52: 47 | AH52: 130 | AI52: 120-136 | AJ52: 98 | AP52: 47 | AQ52: 130 | AR52: 121-135 | AS52: 98
O53: 49 | P53: 124 | Q53: 118-128 | R53: 95 | AG53: 48 | AH53: 132 | AI53: 121-137 | AJ53: 98 | AP53: 48 | AQ53: 132 | AR53: 123-137 | AS53: 98
O54: 50 | P54: 126 | Q54: 120-130 | R54: 96 | AG54: 49 | AH54: 134 | AI54: 123-139 | AJ54: 99 | AP54: 49 | AQ54: 134 | AR54: 125-139 | AS54: 99
O55: 51 | P55: 128 | Q55: 122-132 | R55: 97 | AG55: 50 | AH55: 136 | AI55: 125-141 | AJ55: 99 | AP55: 50 | AQ55: 136 | AR55: 127-141 | AS55: 99
... O61: 57 | P61: 145 | Q61: 139-149 | R61: 99.9 | AG61: 56 | AH61: 144 | AI61: 132-148 | AJ61: 998 | AP61: 56 | AQ61: 144 | AR61: 134-148 | AS61: 99.8
AG62: 57 | AH62: 145 | AI62: 139-145 | AJ62: 99.9 | AP62: 57 | AQ62: 145 | AR62: 135-149 | AS62: 99.9
